Workbook

Sheet MAIN
A1: HSE KPI Dashboard | B1: HSE KPI Dashboard | C1: HSE KPI Dashboard | D1: HSE KPI Dashboard | E1: HSE KPI Dashboard | F1: HSE KPI Dashboard | G1: HSE KPI Dashboard | H1: HSE KPI Dashboard | I1: HSE KPI Dashboard | J1: HSE KPI Dashboard | K1: HSE KPI Dashboard | L1: HSE KPI Dashboard | M1: HSE KPI Dashboard | N1: HSE KPI Dashboard | O1: HSE KPI Dashboard | P1: HSE KPI Dashboard | Q1: HSE KPI Dashboard | R1: HSE KPI Dashboard
A2: Use the dropdowns to switch between one year, selected years, all active years, one month, all months, YTD, full-year, or project-to-date. | B2: Use the dropdowns to switch between one year, selected years, all active years, one month, all months, YTD, full-year, or project-to-date. | C2: Use the dropdowns to switch between one year, selected years, all active years, one month, all months, YTD, full-year, or project-to-date. | D2: Use the dropdowns to switch between one year, selected years, all active years, one month, all months, YTD, full-year, or project-to-date. | E2: Use the dropdowns to switch between one year, selected years, all active years, one month, all months, YTD, full-year, or project-to-date. | F2: Use the dropdowns to switch between one year, selected years, all active years, one month, all months, YTD, full-year, or project-to-date. | G2: Use the dropdowns to switch between one year, selected years, all active years, one month, all months, YTD, full-year, or project-to-date. | H2: Use the dropdowns to switch between one year, selected years, all active years, one month, all months, YTD, full-year, or project-to-date. | I2: Use the dropdowns to switch between one year, selected years, all active years, one month, all months, YTD, full-year, or project-to-date. | J2: Use the dropdowns to switch between one year, selected years, all active years, one month, all months, YTD, full-year, or project-to-date. | K2: Use the dropdowns to switch between one year, selected years, all active years, one month, all months, YTD, full-year, or project-to-date. | L2: Use the dropdowns to switch between one year, selected years, all active years, one month, all months, YTD, full-year, or project-to-date. | M2: Use the dropdowns to switch between one year, selected years, all active years, one month, all months, YTD, full-year, or project-to-date. | N2: Use the dropdowns to switch between one year, selected years, all active years, one month, all months, YTD, full-year, or project-to-date. | O2: Use the dropdowns to switch between one year, selected years, all active years, one month, all months, YTD, full-year, or project-to-date. | P2: Use the dropdowns to switch between one year, selected years, all active years, one month, all months, YTD, full-year, or project-to-date. | Q2: Use the dropdowns to switch between one year, selected years, all active years, one month, all months, YTD, full-year, or project-to-date. | R2: Use the dropdowns to switch between one year, selected years, all active years, one month, all months, YTD, full-year, or project-to-date.
A3: Year | B3: 2025 | C3: Month | D3: All | E3: View | F3: YTD | G3: Year Scope | H3: Selected Year | I3: Category | J3: All | K3: Month No. | L3: =IF($D$3="All",12,MATCH($D$3,LISTS!$B$3:$B$14,0)) -> 12 | M3: Period Months | N3: =COUNTIFS(KPI_DATA!$J$2:$J$2281,"No. of Hours Worked [Exposure Hours]",KPI_DATA!$AA$2:$AA$2281,"Yes") -> 12
T4: Status | U4: Count | W4: Month | X4: Hours | Y4: Near Misses | Z4: TRCs | AB4: Month | AC4: Leading Total | AD4: Lagging Total
A5: Total Hours | B5: Total Hours | C5: Total Hours | D5: Kilometres Driven | E5: Kilometres Driven | F5: Kilometres Driven | G5: TRC Count | H5: TRC Count | I5: TRC Count | J5: Near Misses | K5: Near Misses | L5: Near Misses | M5: Status Score | N5: Status Score | O5: Status Score | P5: Targets Covered | Q5: Targets Covered | R5: Targets Covered | T5: Green | U5: =COUNTIFS($H$12:$H$30,T5,$B$12:$B$30,IF($J$3="All","*",$J$3)) -> 7 | W5: Jan | X5: =SUMIFS(KPI_DATA!$L$2:$L$2281,KPI_DATA!$Y$2:$Y$2281,"Yes",KPI_DATA!$E$2:$E$2281,1,KPI_DATA!$J$2:$J$2281,"No. of Hours Worked [Exposure Hours]") -> 0 | Y5: =SUMIFS(KPI_DATA!$L$2:$L$2281,KPI_DATA!$Y$2:$Y$2281,"Yes",KPI_DATA!$E$2:$E$2281,1,KPI_DATA!$J$2:$J$2281,"Number of Near-Misses") -> 0 | Z5: =SUMIFS(KPI_DATA!$L$2:$L$2281,KPI_DATA!$Y$2:$Y$2281,"Yes",KPI_DATA!$E$2:$E$2281,1,KPI_DATA!$J$2:$J$2281,"Number of TRCs (LTI / RWC / MTC / FAT)") -> 0 | AB5: Jan | AC5: =SUMIFS(KPI_DATA!$L$2:$L$2281,KPI_DATA!$Y$2:$Y$2281,"Yes",KPI_DATA!$E$2:$E$2281,1,KPI_DATA!$I$2:$I$2281,"Leading Indicators") -> 0 | AD5: =SUMIFS(KPI_DATA!$L$2:$L$2281,KPI_DATA!$Y$2:$Y$2281,"Yes",KPI_DATA!$E$2:$E$2281,1,KPI_DATA!$I$2:$I$2281,"Lagging Indicators") -> 0
A6: =SUMIFS(KPI_DATA!$L$2:$L$2281,KPI_DATA!$J$2:$J$2281,"No. of Hours Worked [Exposure Hours]",KPI_DATA!$AA$2:$AA$2281,"Yes") -> 39018 | D6: =SUMIFS(KPI_DATA!$L$2:$L$2281,KPI_DATA!$J$2:$J$2281,"No. of Kilometres Driven",KPI_DATA!$AA$2:$AA$2281,"Yes") -> 8000 | G6: =SUMIFS(KPI_DATA!$L$2:$L$2281,KPI_DATA!$J$2:$J$2281,"Number of TRCs (LTI / RWC / MTC / FAT)",KPI_DATA!$AA$2:$AA$2281,"Yes") -> 0 | J6: =SUMIFS(KPI_DATA!$L$2:$L$2281,KPI_DATA!$J$2:$J$2281,"Number of Near-Misses",KPI_DATA!$AA$2:$AA$2281,"Yes") -> 0 | M6: =IFERROR(COUNTIF($H$12:$H$30,"Green")/(COUNTIF($H$12:$H$30,"Green")+COUNTIF($H$12:$H$30,"Amber")+COUNTIF($H$12:$H$30,"Red")),0) -> 0.36842105 | P6: =SUMIFS(KPI_DATA!$W$2:$W$2281,KPI_DATA!$AA$2:$AA$2281,"Yes")&" / "&COUNTIFS(KPI_DATA!$AA$2:$AA$2281,"Yes") -> 228 / 228 | T6: Amber | U6: =COUNTIFS($H$12:$H$30,T6,$B$12:$B$30,IF($J$3="All","*",$J$3)) -> 2 | W6: Feb | X6: =SUMIFS(KPI_DATA!$L$2:$L$2281,KPI_DATA!$Y$2:$Y$2281,"Yes",KPI_DATA!$E$2:$E$2281,2,KPI_DATA!$J$2:$J$2281,"No. of Hours Worked [Exposure Hours]") -> 0 | Y6: =SUMIFS(KPI_DATA!$L$2:$L$2281,KPI_DATA!$Y$2:$Y$2281,"Yes",KPI_DATA!$E$2:$E$2281,2,KPI_DATA!$J$2:$J$2281,"Number of Near-Misses") -> 0 | Z6: =SUMIFS(KPI_DATA!$L$2:$L$2281,KPI_DATA!$Y$2:$Y$2281,"Yes",KPI_DATA!$E$2:$E$2281,2,KPI_DATA!$J$2:$J$2281,"Number of TRCs (LTI / RWC / MTC / FAT)") -> 0 | AB6: Feb | AC6: =SUMIFS(KPI_DATA!$L$2:$L$2281,KPI_DATA!$Y$2:$Y$2281,"Yes",KPI_DATA!$E$2:$E$2281,2,KPI_DATA!$I$2:$I$2281,"Leading Indicators") -> 0 | AD6: =SUMIFS(KPI_DATA!$L$2:$L$2281,KPI_DATA!$Y$2:$Y$2281,"Yes",KPI_DATA!$E$2:$E$2281,2,KPI_DATA!$I$2:$I$2281,"Lagging Indicators") -> 0
A7: ="Period months: "&TEXT($N$3,"0") -> Period months: 12 | D7: ="Year scope: "&$H$3 -> Year scope: Selected Year | G7: ="TRIR "&TEXT(IFERROR(G6*1000000/A6,0),"0.00")&" /1M hrs" -> TRIR 0.00 /1M hrs | J7: ="Rate "&TEXT(IFERROR(J6*1000000/A6,0),"0.00")&" /1M hrs" -> Rate 0.00 /1M hrs | M7: =TEXT(COUNTIF($H$12:$H$30,"Green"),"0")&" Green / "&TEXT(COUNTIF($H$12:$H$30,"Red"),"0")&" Red" -> 7 Green / 10 Red | P7: ="Year entries: "&TEXT(COUNT(KPI_TARGETS!$G$5:$P$23),"0")&" | Defaults: "&TEXT(COUNT(KPI_TARGETS!$F$5:$F$23),"0") -> Year entries: 38 | Defaults: 19 | T7: Red | U7: =COUNTIFS($H$12:$H$30,T7,$B$12:$B$30,IF($J$3="All","*",$J$3)) -> 10 | W7: Mar | X7: =SUMIFS(KPI_DATA!$L$2:$L$2281,KPI_DATA!$Y$2:$Y$2281,"Yes",KPI_DATA!$E$2:$E$2281,3,KPI_DATA!$J$2:$J$2281,"No. of Hours Worked [Exposure Hours]") -> 0 | Y7: =SUMIFS(KPI_DATA!$L$2:$L$2281,KPI_DATA!$Y$2:$Y$2281,"Yes",KPI_DATA!$E$2:$E$2281,3,KPI_DATA!$J$2:$J$2281,"Number of Near-Misses") -> 0 | Z7: =SUMIFS(KPI_DATA!$L$2:$L$2281,KPI_DATA!$Y$2:$Y$2281,"Yes",KPI_DATA!$E$2:$E$2281,3,KPI_DATA!$J$2:$J$2281,"Number of TRCs (LTI / RWC / MTC / FAT)") -> 0 | AB7: Mar | AC7: =SUMIFS(KPI_DATA!$L$2:$L$2281,KPI_DATA!$Y$2:$Y$2281,"Yes",KPI_DATA!$E$2:$E$2281,3,KPI_DATA!$I$2:$I$2281,"Leading Indicators") -> 0 | AD7: =SUMIFS(KPI_DATA!$L$2:$L$2281,KPI_DATA!$Y$2:$Y$2281,"Yes",KPI_DATA!$E$2:$E$2281,3,KPI_DATA!$I$2:$I$2281,"Lagging Indicators") -> 0
T8: Target Needed | U8: =COUNTIFS($H$12:$H$30,T8,$B$12:$B$30,IF($J$3="All","*",$J$3)) -> 0 | W8: Apr | X8: =SUMIFS(KPI_DATA!$L$2:$L$2281,KPI_DATA!$Y$2:$Y$2281,"Yes",KPI_DATA!$E$2:$E$2281,4,KPI_DATA!$J$2:$J$2281,"No. of Hours Worked [Exposure Hours]") -> 0 | Y8: =SUMIFS(KPI_DATA!$L$2:$L$2281,KPI_DATA!$Y$2:$Y$2281,"Yes",KPI_DATA!$E$2:$E$2281,4,KPI_DATA!$J$2:$J$2281,"Number of Near-Misses") -> 0 | Z8: =SUMIFS(KPI_DATA!$L$2:$L$2281,KPI_DATA!$Y$2:$Y$2281,"Yes",KPI_DATA!$E$2:$E$2281,4,KPI_DATA!$J$2:$J$2281,"Number of TRCs (LTI / RWC / MTC / FAT)") -> 0 | AB8: Apr | AC8: =SUMIFS(KPI_DATA!$L$2:$L$2281,KPI_DATA!$Y$2:$Y$2281,"Yes",KPI_DATA!$E$2:$E$2281,4,KPI_DATA!$I$2:$I$2281,"Leading Indicators") -> 0 | AD8: =SUMIFS(KPI_DATA!$L$2:$L$2281,KPI_DATA!$Y$2:$Y$2281,"Yes",KPI_DATA!$E$2:$E$2281,4,KPI_DATA!$I$2:$I$2281,"Lagging Indicators") -> 0
W9: May | X9: =SUMIFS(KPI_DATA!$L$2:$L$2281,KPI_DATA!$Y$2:$Y$2281,"Yes",KPI_DATA!$E$2:$E$2281,5,KPI_DATA!$J$2:$J$2281,"No. of Hours Worked [Exposure Hours]") -> 0 | Y9: =SUMIFS(KPI_DATA!$L$2:$L$2281,KPI_DATA!$Y$2:$Y$2281,"Yes",KPI_DATA!$E$2:$E$2281,5,KPI_DATA!$J$2:$J$2281,"Number of Near-Misses") -> 0 | Z9: =SUMIFS(KPI_DATA!$L$2:$L$2281,KPI_DATA!$Y$2:$Y$2281,"Yes",KPI_DATA!$E$2:$E$2281,5,KPI_DATA!$J$2:$J$2281,"Number of TRCs (LTI / RWC / MTC / FAT)") -> 0 | AB9: May | AC9: =SUMIFS(KPI_DATA!$L$2:$L$2281,KPI_DATA!$Y$2:$Y$2281,"Yes",KPI_DATA!$E$2:$E$2281,5,KPI_DATA!$I$2:$I$2281,"Leading Indicators") -> 0 | AD9: =SUMIFS(KPI_DATA!$L$2:$L$2281,KPI_DATA!$Y$2:$Y$2281,"Yes",KPI_DATA!$E$2:$E$2281,5,KPI_DATA!$I$2:$I$2281,"Lagging Indicators") -> 0
A10: Selected KPI Performance | W10: Jun | X10: =SUMIFS(KPI_DATA!$L$2:$L$2281,KPI_DATA!$Y$2:$Y$2281,"Yes",KPI_DATA!$E$2:$E$2281,6,KPI_DATA!$J$2:$J$2281,"No. of Hours Worked [Exposure Hours]") -> 2119.75 | Y10: =SUMIFS(KPI_DATA!$L$2:$L$2281,KPI_DATA!$Y$2:$Y$2281,"Yes",KPI_DATA!$E$2:$E$2281,6,KPI_DATA!$J$2:$J$2281,"Number of Near-Misses") -> 0 | Z10: =SUMIFS(KPI_DATA!$L$2:$L$2281,KPI_DATA!$Y$2:$Y$2281,"Yes",KPI_DATA!$E$2:$E$2281,6,KPI_DATA!$J$2:$J$2281,"Number of TRCs (LTI / RWC / MTC / FAT)") -> 0 | AB10: Jun | AC10: =SUMIFS(KPI_DATA!$L$2:$L$2281,KPI_DATA!$Y$2:$Y$2281,"Yes",KPI_DATA!$E$2:$E$2281,6,KPI_DATA!$I$2:$I$2281,"Leading Indicators") -> 58 | AD10: =SUMIFS(KPI_DATA!$L$2:$L$2281,KPI_DATA!$Y$2:$Y$2281,"Yes",KPI_DATA!$E$2:$E$2281,6,KPI_DATA!$I$2:$I$2281,"Lagging Indicators") -> 0
A11: No. | B11: Category | C11: KPI | D11: Actual | E11: Period Target | F11: Direction | G11: Achievement % | H11: Status | I11: Favorable Variance | J11: YTD / Scope Total | K11: Project to Date | L11: MoM Change | M11: Rate / 1M Hrs | W11: Jul | X11: =SUMIFS(KPI_DATA!$L$2:$L$2281,KPI_DATA!$Y$2:$Y$2281,"Yes",KPI_DATA!$E$2:$E$2281,7,KPI_DATA!$J$2:$J$2281,"No. of Hours Worked [Exposure Hours]") -> 4827.75 | Y11: =SUMIFS(KPI_DATA!$L$2:$L$2281,KPI_DATA!$Y$2:$Y$2281,"Yes",KPI_DATA!$E$2:$E$2281,7,KPI_DATA!$J$2:$J$2281,"Number of Near-Misses") -> 0 | Z11: =SUMIFS(KPI_DATA!$L$2:$L$2281,KPI_DATA!$Y$2:$Y$2281,"Yes",KPI_DATA!$E$2:$E$2281,7,KPI_DATA!$J$2:$J$2281,"Number of TRCs (LTI / RWC / MTC / FAT)") -> 0 | AB11: Jul | AC11: =SUMIFS(KPI_DATA!$L$2:$L$2281,KPI_DATA!$Y$2:$Y$2281,"Yes",KPI_DATA!$E$2:$E$2281,7,KPI_DATA!$I$2:$I$2281,"Leading Indicators") -> 82 | AD11: =SUMIFS(KPI_DATA!$L$2:$L$2281,KPI_DATA!$Y$2:$Y$2281,"Yes",KPI_DATA!$E$2:$E$2281,7,KPI_DATA!$I$2:$I$2281,"Lagging Indicators") -> 0
A12: 1 | B12: Exposure | C12: Exposure Hours / Vehicles | D12: =IF(OR($J$3="All",$B12=$J$3),SUMIFS(KPI_DATA!$L$2:$L$2281,KPI_DATA!$J$2:$J$2281,"Exposure Hours / Vehicles",KPI_DATA!$AA$2:$AA$2281,"Yes"),"") -> 0 | E12: =IF(OR($J$3="All",$B12=$J$3),IF(SUMIFS(KPI_DATA!$W$2:$W$2281,KPI_DATA!$J$2:$J$2281,$C12,KPI_DATA!$AA$2:$AA$2281,"Yes")=0,"",SUMIFS(KPI_DATA!$M$2:$M$2281,KPI_DATA!$J$2:$J$2281,$C12,KPI_DATA!$AA$2:$AA$2281,"Yes")),"") -> 1248 | F12: =IF(OR($J$3="All",$B12=$J$3),IFERROR(INDEX(KPI_TARGETS!$E$5:$E$23,MATCH($C12,KPI_TARGETS!$C$5:$C$23,0)),"Higher is better"),"") -> Higher is better | G12: =IF($E12="","",IF($F12="Higher is better",IFERROR($D12/$E12,""),IF($D12=0,1,IFERROR($E12/$D12,"")))) -> 0 | H12: =IF(NOT(OR($J$3="All",$B12=$J$3)),"",IF($E12="","Target Needed",IF($F12="Higher is better",IF($D12>=$E12,"Green",IF($D12>=0.8*$E12,"Amber","Red")),IF($E12=0,IF($D12=0,"Green","Red"),IF($D12<=$E12,"Green",IF($D12<=1.25*$E12,"Amber","Red")))))) -> Red | I12: =IF($E12="","",IF($F12="Higher is better",$D12-$E12,$E12-$D12)) -> -1248 | J12: =IF(OR($J$3="All",$B12=$J$3),SUMIFS(KPI_DATA!$L$2:$L$2281,KPI_DATA!$J$2:$J$2281,"Exposure Hours / Vehicles",KPI_DATA!$Y$2:$Y$2281,"Yes",KPI_DATA!$E$2:$E$2281,"<="&$L$3),"") -> 0 | K12: =IF(OR($J$3="All",$B12=$J$3),SUMIFS(KPI_DATA!$L$2:$L$2281,KPI_DATA!$J$2:$J$2281,"Exposure Hours / Vehicles",KPI_DATA!$C$2:$C$2281,"Yes",KPI_DATA!$A$2:$A$2281,"<"&$B$3)+SUMIFS(KPI_DATA!$L$2:$L$2281,KPI_DATA!$J$2:$J$2281,"Exposure Hours / Vehicles",KPI_DATA!$C$2:$C$2281,"Yes",KPI_DATA!$A$2:$A$2281,$B$3,KPI_DATA!$E$2:$E$2281,"<="&$L$3),"") -> 0 | L12: =IF(OR($D$3="All",$H$3<>"Selected Year"),"",SUMIFS(KPI_DATA!$L$2:$L$2281,KPI_DATA!$J$2:$J$2281,"Exposure Hours / Vehicles",KPI_DATA!$A$2:$A$2281,$B$3,KPI_DATA!$E$2:$E$2281,$L$3)-SUMIFS(KPI_DATA!$L$2:$L$2281,KPI_DATA!$J$2:$J$2281,"Exposure Hours / Vehicles",KPI_DATA!$A$2:$A$2281,IF($L$3=1,$B$3-1,$B$3),KPI_DATA!$E$2:$E$2281,IF($L$3=1,12,$L$3-1))) | M12: =IF($B12<>"Lagging Indicators","",IFERROR($D12*1000000/INDEX($D$12:$D$30,MATCH("No. of Hours Worked [Exposure Hours]",$C$12:$C$30,0)),"")) | W12: Aug | X12: =SUMIFS(KPI_DATA!$L$2:$L$2281,KPI_DATA!$Y$2:$Y$2281,"Yes",KPI_DATA!$E$2:$E$2281,8,KPI_DATA!$J$2:$J$2281,"No. of Hours Worked [Exposure Hours]") -> 6904 | Y12: =SUMIFS(KPI_DATA!$L$2:$L$2281,KPI_DATA!$Y$2:$Y$2281,"Yes",KPI_DATA!$E$2:$E$2281,8,KPI_DATA!$J$2:$J$2281,"Number of Near-Misses") -> 0 | Z12: =SUMIFS(KPI_DATA!$L$2:$L$2281,KPI_DATA!$Y$2:$Y$2281,"Yes",KPI_DATA!$E$2:$E$2281,8,KPI_DATA!$J$2:$J$2281,"Number of TRCs (LTI / RWC / MTC / FAT)") -> 0 | AB12: Aug | AC12: =SUMIFS(KPI_DATA!$L$2:$L$2281,KPI_DATA!$Y$2:$Y$2281,"Yes",KPI_DATA!$E$2:$E$2281,8,KPI_DATA!$I$2:$I$2281,"Leading Indicators") -> 97 | AD12: =SUMIFS(KPI_DATA!$L$2:$L$2281,KPI_DATA!$Y$2:$Y$2281,"Yes",KPI_DATA!$E$2:$E$2281,8,KPI_DATA!$I$2:$I$2281,"Lagging Indicators") -> 0
A13: 1.1 | B13: Exposure | C13: No. of Hours Worked [Exposure Hours] | D13: =IF(OR($J$3="All",$B13=$J$3),SUMIFS(KPI_DATA!$L$2:$L$2281,KPI_DATA!$J$2:$J$2281,"No. of Hours Worked [Exposure Hours]",KPI_DATA!$AA$2:$AA$2281,"Yes"),"") -> 39018 | E13: =IF(OR($J$3="All",$B13=$J$3),IF(SUMIFS(KPI_DATA!$W$2:$W$2281,KPI_DATA!$J$2:$J$2281,$C13,KPI_DATA!$AA$2:$AA$2281,"Yes")=0,"",SUMIFS(KPI_DATA!$M$2:$M$2281,KPI_DATA!$J$2:$J$2281,$C13,KPI_DATA!$AA$2:$AA$2281,"Yes")),"") -> 48000 | F13: =IF(OR($J$3="All",$B13=$J$3),IFERROR(INDEX(KPI_TARGETS!$E$5:$E$23,MATCH($C13,KPI_TARGETS!$C$5:$C$23,0)),"Higher is better"),"") -> Higher is better | G13: =IF($E13="","",IF($F13="Higher is better",IFERROR($D13/$E13,""),IF($D13=0,1,IFERROR($E13/$D13,"")))) -> 0.812875 | H13: =IF(NOT(OR($J$3="All",$B13=$J$3)),"",IF($E13="","Target Needed",IF($F13="Higher is better",IF($D13>=$E13,"Green",IF($D13>=0.8*$E13,"Amber","Red")),IF($E13=0,IF($D13=0,"Green","Red"),IF($D13<=$E13,"Green",IF($D13<=1.25*$E13,"Amber","Red")))))) -> Amber | I13: =IF($E13="","",IF($F13="Higher is better",$D13-$E13,$E13-$D13)) -> -8982 | J13: =IF(OR($J$3="All",$B13=$J$3),SUMIFS(KPI_DATA!$L$2:$L$2281,KPI_DATA!$J$2:$J$2281,"No. of Hours Worked [Exposure Hours]",KPI_DATA!$Y$2:$Y$2281,"Yes",KPI_DATA!$E$2:$E$2281,"<="&$L$3),"") -> 39018 | K13: =IF(OR($J$3="All",$B13=$J$3),SUMIFS(KPI_DATA!$L$2:$L$2281,KPI_DATA!$J$2:$J$2281,"No. of Hours Worked [Exposure Hours]",KPI_DATA!$C$2:$C$2281,"Yes",KPI_DATA!$A$2:$A$2281,"<"&$B$3)+SUMIFS(KPI_DATA!$L$2:$L$2281,KPI_DATA!$J$2:$J$2281,"No. of Hours Worked [Exposure Hours]",KPI_DATA!$C$2:$C$2281,"Yes",KPI_DATA!$A$2:$A$2281,$B$3,KPI_DATA!$E$2:$E$2281,"<="&$L$3),"") -> 39018 | L13: =IF(OR($D$3="All",$H$3<>"Selected Year"),"",SUMIFS(KPI_DATA!$L$2:$L$2281,KPI_DATA!$J$2:$J$2281,"No. of Hours Worked [Exposure Hours]",KPI_DATA!$A$2:$A$2281,$B$3,KPI_DATA!$E$2:$E$2281,$L$3)-SUMIFS(KPI_DATA!$L$2:$L$2281,KPI_DATA!$J$2:$J$2281,"No. of Hours Worked [Exposure Hours]",KPI_DATA!$A$2:$A$2281,IF($L$3=1,$B$3-1,$B$3),KPI_DATA!$E$2:$E$2281,IF($L$3=1,12,$L$3-1))) | M13: =IF($B13<>"Lagging Indicators","",IFERROR($D13*1000000/INDEX($D$12:$D$30,MATCH("No. of Hours Worked [Exposure Hours]",$C$12:$C$30,0)),"")) | W13: Sep | X13: =SUMIFS(KPI_DATA!$L$2:$L$2281,KPI_DATA!$Y$2:$Y$2281,"Yes",KPI_DATA!$E$2:$E$2281,9,KPI_DATA!$J$2:$J$2281,"No. of Hours Worked [Exposure Hours]") -> 4880 | Y13: =SUMIFS(KPI_DATA!$L$2:$L$2281,KPI_DATA!$Y$2:$Y$2281,"Yes",KPI_DATA!$E$2:$E$2281,9,KPI_DATA!$J$2:$J$2281,"Number of Near-Misses") -> 0 | Z13: =SUMIFS(KPI_DATA!$L$2:$L$2281,KPI_DATA!$Y$2:$Y$2281,"Yes",KPI_DATA!$E$2:$E$2281,9,KPI_DATA!$J$2:$J$2281,"Number of TRCs (LTI / RWC / MTC / FAT)") -> 0 | AB13: Sep | AC13: =SUMIFS(KPI_DATA!$L$2:$L$2281,KPI_DATA!$Y$2:$Y$2281,"Yes",KPI_DATA!$E$2:$E$2281,9,KPI_DATA!$I$2:$I$2281,"Leading Indicators") -> 84 | AD13: =SUMIFS(KPI_DATA!$L$2:$L$2281,KPI_DATA!$Y$2:$Y$2281,"Yes",KPI_DATA!$E$2:$E$2281,9,KPI_DATA!$I$2:$I$2281,"Lagging Indicators") -> 0
A14: 1.2 | B14: Exposure | C14: No. of Kilometres Driven | D14: =IF(OR($J$3="All",$B14=$J$3),SUMIFS(KPI_DATA!$L$2:$L$2281,KPI_DATA!$J$2:$J$2281,"No. of Kilometres Driven",KPI_DATA!$AA$2:$AA$2281,"Yes"),"") -> 8000 | E14: =IF(OR($J$3="All",$B14=$J$3),IF(SUMIFS(KPI_DATA!$W$2:$W$2281,KPI_DATA!$J$2:$J$2281,$C14,KPI_DATA!$AA$2:$AA$2281,"Yes")=0,"",SUMIFS(KPI_DATA!$M$2:$M$2281,KPI_DATA!$J$2:$J$2281,$C14,KPI_DATA!$AA$2:$AA$2281,"Yes")),"") -> 96000 | F14: =IF(OR($J$3="All",$B14=$J$3),IFERROR(INDEX(KPI_TARGETS!$E$5:$E$23,MATCH($C14,KPI_TARGETS!$C$5:$C$23,0)),"Higher is better"),"") -> Higher is better | G14: =IF($E14="","",IF($F14="Higher is better",IFERROR($D14/$E14,""),IF($D14=0,1,IFERROR($E14/$D14,"")))) -> 0.083333333 | H14: =IF(NOT(OR($J$3="All",$B14=$J$3)),"",IF($E14="","Target Needed",IF($F14="Higher is better",IF($D14>=$E14,"Green",IF($D14>=0.8*$E14,"Amber","Red")),IF($E14=0,IF($D14=0,"Green","Red"),IF($D14<=$E14,"Green",IF($D14<=1.25*$E14,"Amber","Red")))))) -> Red | I14: =IF($E14="","",IF($F14="Higher is better",$D14-$E14,$E14-$D14)) -> -88000 | J14: =IF(OR($J$3="All",$B14=$J$3),SUMIFS(KPI_DATA!$L$2:$L$2281,KPI_DATA!$J$2:$J$2281,"No. of Kilometres Driven",KPI_DATA!$Y$2:$Y$2281,"Yes",KPI_DATA!$E$2:$E$2281,"<="&$L$3),"") -> 8000 | K14: =IF(OR($J$3="All",$B14=$J$3),SUMIFS(KPI_DATA!$L$2:$L$2281,KPI_DATA!$J$2:$J$2281,"No. of Kilometres Driven",KPI_DATA!$C$2:$C$2281,"Yes",KPI_DATA!$A$2:$A$2281,"<"&$B$3)+SUMIFS(KPI_DATA!$L$2:$L$2281,KPI_DATA!$J$2:$J$2281,"No. of Kilometres Driven",KPI_DATA!$C$2:$C$2281,"Yes",KPI_DATA!$A$2:$A$2281,$B$3,KPI_DATA!$E$2:$E$2281,"<="&$L$3),"") -> 8000 | L14: =IF(OR($D$3="All",$H$3<>"Selected Year"),"",SUMIFS(KPI_DATA!$L$2:$L$2281,KPI_DATA!$J$2:$J$2281,"No. of Kilometres Driven",KPI_DATA!$A$2:$A$2281,$B$3,KPI_DATA!$E$2:$E$2281,$L$3)-SUMIFS(KPI_DATA!$L$2:$L$2281,KPI_DATA!$J$2:$J$2281,"No. of Kilometres Driven",KPI_DATA!$A$2:$A$2281,IF($L$3=1,$B$3-1,$B$3),KPI_DATA!$E$2:$E$2281,IF($L$3=1,12,$L$3-1))) | M14: =IF($B14<>"Lagging Indicators","",IFERROR($D14*1000000/INDEX($D$12:$D$30,MATCH("No. of Hours Worked [Exposure Hours]",$C$12:$C$30,0)),"")) | W14: Oct | X14: =SUMIFS(KPI_DATA!$L$2:$L$2281,KPI_DATA!$Y$2:$Y$2281,"Yes",KPI_DATA!$E$2:$E$2281,10,KPI_DATA!$J$2:$J$2281,"No. of Hours Worked [Exposure Hours]") -> 14779.5 | Y14: =SUMIFS(KPI_DATA!$L$2:$L$2281,KPI_DATA!$Y$2:$Y$2281,"Yes",KPI_DATA!$E$2:$E$2281,10,KPI_DATA!$J$2:$J$2281,"Number of Near-Misses") -> 0 | Z14: =SUMIFS(KPI_DATA!$L$2:$L$2281,KPI_DATA!$Y$2:$Y$2281,"Yes",KPI_DATA!$E$2:$E$2281,10,KPI_DATA!$J$2:$J$2281,"Number of TRCs (LTI / RWC / MTC / FAT)") -> 0 | AB14: Oct | AC14: =SUMIFS(KPI_DATA!$L$2:$L$2281,KPI_DATA!$Y$2:$Y$2281,"Yes",KPI_DATA!$E$2:$E$2281,10,KPI_DATA!$I$2:$I$2281,"Leading Indicators") -> 82 | AD14: =SUMIFS(KPI_DATA!$L$2:$L$2281,KPI_DATA!$Y$2:$Y$2281,"Yes",KPI_DATA!$E$2:$E$2281,10,KPI_DATA!$I$2:$I$2281,"Lagging Indicators") -> 0
A15: 2.1 | B15: Lagging Indicators | C15: Incidents / Accidents (Per Occurrence) | D15: =IF(OR($J$3="All",$B15=$J$3),SUMIFS(KPI_DATA!$L$2:$L$2281,KPI_DATA!$J$2:$J$2281,"Incidents / Accidents (Per Occurrence)",KPI_DATA!$AA$2:$AA$2281,"Yes"),"") -> 0 | E15: =IF(OR($J$3="All",$B15=$J$3),IF(SUMIFS(KPI_DATA!$W$2:$W$2281,KPI_DATA!$J$2:$J$2281,$C15,KPI_DATA!$AA$2:$AA$2281,"Yes")=0,"",SUMIFS(KPI_DATA!$M$2:$M$2281,KPI_DATA!$J$2:$J$2281,$C15,KPI_DATA!$AA$2:$AA$2281,"Yes")),"") -> 0 | F15: =IF(OR($J$3="All",$B15=$J$3),IFERROR(INDEX(KPI_TARGETS!$E$5:$E$23,MATCH($C15,KPI_TARGETS!$C$5:$C$23,0)),"Higher is better"),"") -> Lower is better | G15: =IF($E15="","",IF($F15="Higher is better",IFERROR($D15/$E15,""),IF($D15=0,1,IFERROR($E15/$D15,"")))) -> 1 | H15: =IF(NOT(OR($J$3="All",$B15=$J$3)),"",IF($E15="","Target Needed",IF($F15="Higher is better",IF($D15>=$E15,"Green",IF($D15>=0.8*$E15,"Amber","Red")),IF($E15=0,IF($D15=0,"Green","Red"),IF($D15<=$E15,"Green",IF($D15<=1.25*$E15,"Amber","Red")))))) -> Green | I15: =IF($E15="","",IF($F15="Higher is better",$D15-$E15,$E15-$D15)) -> 0 | J15: =IF(OR($J$3="All",$B15=$J$3),SUMIFS(KPI_DATA!$L$2:$L$2281,KPI_DATA!$J$2:$J$2281,"Incidents / Accidents (Per Occurrence)",KPI_DATA!$Y$2:$Y$2281,"Yes",KPI_DATA!$E$2:$E$2281,"<="&$L$3),"") -> 0 | K15: =IF(OR($J$3="All",$B15=$J$3),SUMIFS(KPI_DATA!$L$2:$L$2281,KPI_DATA!$J$2:$J$2281,"Incidents / Accidents (Per Occurrence)",KPI_DATA!$C$2:$C$2281,"Yes",KPI_DATA!$A$2:$A$2281,"<"&$B$3)+SUMIFS(KPI_DATA!$L$2:$L$2281,KPI_DATA!$J$2:$J$2281,"Incidents / Accidents (Per Occurrence)",KPI_DATA!$C$2:$C$2281,"Yes",KPI_DATA!$A$2:$A$2281,$B$3,KPI_DATA!$E$2:$E$2281,"<="&$L$3),"") -> 0 | L15: =IF(OR($D$3="All",$H$3<>"Selected Year"),"",SUMIFS(KPI_DATA!$L$2:$L$2281,KPI_DATA!$J$2:$J$2281,"Incidents / Accidents (Per Occurrence)",KPI_DATA!$A$2:$A$2281,$B$3,KPI_DATA!$E$2:$E$2281,$L$3)-SUMIFS(KPI_DATA!$L$2:$L$2281,KPI_DATA!$J$2:$J$2281,"Incidents / Accidents (Per Occurrence)",KPI_DATA!$A$2:$A$2281,IF($L$3=1,$B$3-1,$B$3),KPI_DATA!$E$2:$E$2281,IF($L$3=1,12,$L$3-1))) | M15: =IF($B15<>"Lagging Indicators","",IFERROR($D15*1000000/INDEX($D$12:$D$30,MATCH("No. of Hours Worked [Exposure Hours]",$C$12:$C$30,0)),"")) -> 0 | W15: Nov | X15: =SUMIFS(KPI_DATA!$L$2:$L$2281,KPI_DATA!$Y$2:$Y$2281,"Yes",KPI_DATA!$E$2:$E$2281,11,KPI_DATA!$J$2:$J$2281,"No. of Hours Worked [Exposure Hours]") -> 5507 | Y15: =SUMIFS(KPI_DATA!$L$2:$L$2281,KPI_DATA!$Y$2:$Y$2281,"Yes",KPI_DATA!$E$2:$E$2281,11,KPI_DATA!$J$2:$J$2281,"Number of Near-Misses") -> 0 | Z15: =SUMIFS(KPI_DATA!$L$2:$L$2281,KPI_DATA!$Y$2:$Y$2281,"Yes",KPI_DATA!$E$2:$E$2281,11,KPI_DATA!$J$2:$J$2281,"Number of TRCs (LTI / RWC / MTC / FAT)") -> 0 | AB15: Nov | AC15: =SUMIFS(KPI_DATA!$L$2:$L$2281,KPI_DATA!$Y$2:$Y$2281,"Yes",KPI_DATA!$E$2:$E$2281,11,KPI_DATA!$I$2:$I$2281,"Leading Indicators") -> 66 | AD15: =SUMIFS(KPI_DATA!$L$2:$L$2281,KPI_DATA!$Y$2:$Y$2281,"Yes",KPI_DATA!$E$2:$E$2281,11,KPI_DATA!$I$2:$I$2281,"Lagging Indicators") -> 0
A16: 2.2 | B16: Lagging Indicators | C16: Number of Near-Misses | D16: =IF(OR($J$3="All",$B16=$J$3),SUMIFS(KPI_DATA!$L$2:$L$2281,KPI_DATA!$J$2:$J$2281,"Number of Near-Misses",KPI_DATA!$AA$2:$AA$2281,"Yes"),"") -> 0 | E16: =IF(OR($J$3="All",$B16=$J$3),IF(SUMIFS(KPI_DATA!$W$2:$W$2281,KPI_DATA!$J$2:$J$2281,$C16,KPI_DATA!$AA$2:$AA$2281,"Yes")=0,"",SUMIFS(KPI_DATA!$M$2:$M$2281,KPI_DATA!$J$2:$J$2281,$C16,KPI_DATA!$AA$2:$AA$2281,"Yes")),"") -> 0 | F16: =IF(OR($J$3="All",$B16=$J$3),IFERROR(INDEX(KPI_TARGETS!$E$5:$E$23,MATCH($C16,KPI_TARGETS!$C$5:$C$23,0)),"Higher is better"),"") -> Higher is better | G16: =IF($E16="","",IF($F16="Higher is better",IFERROR($D16/$E16,""),IF($D16=0,1,IFERROR($E16/$D16,"")))) | H16: =IF(NOT(OR($J$3="All",$B16=$J$3)),"",IF($E16="","Target Needed",IF($F16="Higher is better",IF($D16>=$E16,"Green",IF($D16>=0.8*$E16,"Amber","Red")),IF($E16=0,IF($D16=0,"Green","Red"),IF($D16<=$E16,"Green",IF($D16<=1.25*$E16,"Amber","Red")))))) -> Green | I16: =IF($E16="","",IF($F16="Higher is better",$D16-$E16,$E16-$D16)) -> 0 | J16: =IF(OR($J$3="All",$B16=$J$3),SUMIFS(KPI_DATA!$L$2:$L$2281,KPI_DATA!$J$2:$J$2281,"Number of Near-Misses",KPI_DATA!$Y$2:$Y$2281,"Yes",KPI_DATA!$E$2:$E$2281,"<="&$L$3),"") -> 0 | K16: =IF(OR($J$3="All",$B16=$J$3),SUMIFS(KPI_DATA!$L$2:$L$2281,KPI_DATA!$J$2:$J$2281,"Number of Near-Misses",KPI_DATA!$C$2:$C$2281,"Yes",KPI_DATA!$A$2:$A$2281,"<"&$B$3)+SUMIFS(KPI_DATA!$L$2:$L$2281,KPI_DATA!$J$2:$J$2281,"Number of Near-Misses",KPI_DATA!$C$2:$C$2281,"Yes",KPI_DATA!$A$2:$A$2281,$B$3,KPI_DATA!$E$2:$E$2281,"<="&$L$3),"") -> 0 | L16: =IF(OR($D$3="All",$H$3<>"Selected Year"),"",SUMIFS(KPI_DATA!$L$2:$L$2281,KPI_DATA!$J$2:$J$2281,"Number of Near-Misses",KPI_DATA!$A$2:$A$2281,$B$3,KPI_DATA!$E$2:$E$2281,$L$3)-SUMIFS(KPI_DATA!$L$2:$L$2281,KPI_DATA!$J$2:$J$2281,"Number of Near-Misses",KPI_DATA!$A$2:$A$2281,IF($L$3=1,$B$3-1,$B$3),KPI_DATA!$E$2:$E$2281,IF($L$3=1,12,$L$3-1))) | M16: =IF($B16<>"Lagging Indicators","",IFERROR($D16*1000000/INDEX($D$12:$D$30,MATCH("No. of Hours Worked [Exposure Hours]",$C$12:$C$30,0)),"")) -> 0 | W16: Dec | X16: =SUMIFS(KPI_DATA!$L$2:$L$2281,KPI_DATA!$Y$2:$Y$2281,"Yes",KPI_DATA!$E$2:$E$2281,12,KPI_DATA!$J$2:$J$2281,"No. of Hours Worked [Exposure Hours]") -> 0 | Y16: =SUMIFS(KPI_DATA!$L$2:$L$2281,KPI_DATA!$Y$2:$Y$2281,"Yes",KPI_DATA!$E$2:$E$2281,12,KPI_DATA!$J$2:$J$2281,"Number of Near-Misses") -> 0 | Z16: =SUMIFS(KPI_DATA!$L$2:$L$2281,KPI_DATA!$Y$2:$Y$2281,"Yes",KPI_DATA!$E$2:$E$2281,12,KPI_DATA!$J$2:$J$2281,"Number of TRCs (LTI / RWC / MTC / FAT)") -> 0 | AB16: Dec | AC16: =SUMIFS(KPI_DATA!$L$2:$L$2281,KPI_DATA!$Y$2:$Y$2281,"Yes",KPI_DATA!$E$2:$E$2281,12,KPI_DATA!$I$2:$I$2281,"Leading Indicators") -> 41 | AD16: =SUMIFS(KPI_DATA!$L$2:$L$2281,KPI_DATA!$Y$2:$Y$2281,"Yes",KPI_DATA!$E$2:$E$2281,12,KPI_DATA!$I$2:$I$2281,"Lagging Indicators") -> 0
A17: 2.3 | B17: Lagging Indicators | C17: High Potential Incidents | D17: =IF(OR($J$3="All",$B17=$J$3),SUMIFS(KPI_DATA!$L$2:$L$2281,KPI_DATA!$J$2:$J$2281,"High Potential Incidents",KPI_DATA!$AA$2:$AA$2281,"Yes"),"") -> 0 | E17: =IF(OR($J$3="All",$B17=$J$3),IF(SUMIFS(KPI_DATA!$W$2:$W$2281,KPI_DATA!$J$2:$J$2281,$C17,KPI_DATA!$AA$2:$AA$2281,"Yes")=0,"",SUMIFS(KPI_DATA!$M$2:$M$2281,KPI_DATA!$J$2:$J$2281,$C17,KPI_DATA!$AA$2:$AA$2281,"Yes")),"") -> 0 | F17: =IF(OR($J$3="All",$B17=$J$3),IFERROR(INDEX(KPI_TARGETS!$E$5:$E$23,MATCH($C17,KPI_TARGETS!$C$5:$C$23,0)),"Higher is better"),"") -> Lower is better | G17: =IF($E17="","",IF($F17="Higher is better",IFERROR($D17/$E17,""),IF($D17=0,1,IFERROR($E17/$D17,"")))) -> 1 | H17: =IF(NOT(OR($J$3="All",$B17=$J$3)),"",IF($E17="","Target Needed",IF($F17="Higher is better",IF($D17>=$E17,"Green",IF($D17>=0.8*$E17,"Amber","Red")),IF($E17=0,IF($D17=0,"Green","Red"),IF($D17<=$E17,"Green",IF($D17<=1.25*$E17,"Amber","Red")))))) -> Green | I17: =IF($E17="","",IF($F17="Higher is better",$D17-$E17,$E17-$D17)) -> 0 | J17: =IF(OR($J$3="All",$B17=$J$3),SUMIFS(KPI_DATA!$L$2:$L$2281,KPI_DATA!$J$2:$J$2281,"High Potential Incidents",KPI_DATA!$Y$2:$Y$2281,"Yes",KPI_DATA!$E$2:$E$2281,"<="&$L$3),"") -> 0 | K17: =IF(OR($J$3="All",$B17=$J$3),SUMIFS(KPI_DATA!$L$2:$L$2281,KPI_DATA!$J$2:$J$2281,"High Potential Incidents",KPI_DATA!$C$2:$C$2281,"Yes",KPI_DATA!$A$2:$A$2281,"<"&$B$3)+SUMIFS(KPI_DATA!$L$2:$L$2281,KPI_DATA!$J$2:$J$2281,"High Potential Incidents",KPI_DATA!$C$2:$C$2281,"Yes",KPI_DATA!$A$2:$A$2281,$B$3,KPI_DATA!$E$2:$E$2281,"<="&$L$3),"") -> 0 | L17: =IF(OR($D$3="All",$H$3<>"Selected Year"),"",SUMIFS(KPI_DATA!$L$2:$L$2281,KPI_DATA!$J$2:$J$2281,"High Potential Incidents",KPI_DATA!$A$2:$A$2281,$B$3,KPI_DATA!$E$2:$E$2281,$L$3)-SUMIFS(KPI_DATA!$L$2:$L$2281,KPI_DATA!$J$2:$J$2281,"High Potential Incidents",KPI_DATA!$A$2:$A$2281,IF($L$3=1,$B$3-1,$B$3),KPI_DATA!$E$2:$E$2281,IF($L$3=1,12,$L$3-1))) | M17: =IF($B17<>"Lagging Indicators","",IFERROR($D17*1000000/INDEX($D$12:$D$30,MATCH("No. of Hours Worked [Exposure Hours]",$C$12:$C$30,0)),"")) -> 0
A18: 2.4 | B18: Lagging Indicators | C18: Life Saving Rule (LSR) Violations | D18: =IF(OR($J$3="All",$B18=$J$3),SUMIFS(KPI_DATA!$L$2:$L$2281,KPI_DATA!$J$2:$J$2281,"Life Saving Rule (LSR) Violations",KPI_DATA!$AA$2:$AA$2281,"Yes"),"") -> 0 | E18: =IF(OR($J$3="All",$B18=$J$3),IF(SUMIFS(KPI_DATA!$W$2:$W$2281,KPI_DATA!$J$2:$J$2281,$C18,KPI_DATA!$AA$2:$AA$2281,"Yes")=0,"",SUMIFS(KPI_DATA!$M$2:$M$2281,KPI_DATA!$J$2:$J$2281,$C18,KPI_DATA!$AA$2:$AA$2281,"Yes")),"") -> 0 | F18: =IF(OR($J$3="All",$B18=$J$3),IFERROR(INDEX(KPI_TARGETS!$E$5:$E$23,MATCH($C18,KPI_TARGETS!$C$5:$C$23,0)),"Higher is better"),"") -> Lower is better | G18: =IF($E18="","",IF($F18="Higher is better",IFERROR($D18/$E18,""),IF($D18=0,1,IFERROR($E18/$D18,"")))) -> 1 | H18: =IF(NOT(OR($J$3="All",$B18=$J$3)),"",IF($E18="","Target Needed",IF($F18="Higher is better",IF($D18>=$E18,"Green",IF($D18>=0.8*$E18,"Amber","Red")),IF($E18=0,IF($D18=0,"Green","Red"),IF($D18<=$E18,"Green",IF($D18<=1.25*$E18,"Amber","Red")))))) -> Green | I18: =IF($E18="","",IF($F18="Higher is better",$D18-$E18,$E18-$D18)) -> 0 | J18: =IF(OR($J$3="All",$B18=$J$3),SUMIFS(KPI_DATA!$L$2:$L$2281,KPI_DATA!$J$2:$J$2281,"Life Saving Rule (LSR) Violations",KPI_DATA!$Y$2:$Y$2281,"Yes",KPI_DATA!$E$2:$E$2281,"<="&$L$3),"") -> 0 | K18: =IF(OR($J$3="All",$B18=$J$3),SUMIFS(KPI_DATA!$L$2:$L$2281,KPI_DATA!$J$2:$J$2281,"Life Saving Rule (LSR) Violations",KPI_DATA!$C$2:$C$2281,"Yes",KPI_DATA!$A$2:$A$2281,"<"&$B$3)+SUMIFS(KPI_DATA!$L$2:$L$2281,KPI_DATA!$J$2:$J$2281,"Life Saving Rule (LSR) Violations",KPI_DATA!$C$2:$C$2281,"Yes",KPI_DATA!$A$2:$A$2281,$B$3,KPI_DATA!$E$2:$E$2281,"<="&$L$3),"") -> 0 | L18: =IF(OR($D$3="All",$H$3<>"Selected Year"),"",SUMIFS(KPI_DATA!$L$2:$L$2281,KPI_DATA!$J$2:$J$2281,"Life Saving Rule (LSR) Violations",KPI_DATA!$A$2:$A$2281,$B$3,KPI_DATA!$E$2:$E$2281,$L$3)-SUMIFS(KPI_DATA!$L$2:$L$2281,KPI_DATA!$J$2:$J$2281,"Life Saving Rule (LSR) Violations",KPI_DATA!$A$2:$A$2281,IF($L$3=1,$B$3-1,$B$3),KPI_DATA!$E$2:$E$2281,IF($L$3=1,12,$L$3-1))) | M18: =IF($B18<>"Lagging Indicators","",IFERROR($D18*1000000/INDEX($D$12:$D$30,MATCH("No. of Hours Worked [Exposure Hours]",$C$12:$C$30,0)),"")) -> 0
A19: 2.5 | B19: Lagging Indicators | C19: Number of TRCs (LTI / RWC / MTC / FAT) | D19: =IF(OR($J$3="All",$B19=$J$3),SUMIFS(KPI_DATA!$L$2:$L$2281,KPI_DATA!$J$2:$J$2281,"Number of TRCs (LTI / RWC / MTC / FAT)",KPI_DATA!$AA$2:$AA$2281,"Yes"),"") -> 0 | E19: =IF(OR($J$3="All",$B19=$J$3),IF(SUMIFS(KPI_DATA!$W$2:$W$2281,KPI_DATA!$J$2:$J$2281,$C19,KPI_DATA!$AA$2:$AA$2281,"Yes")=0,"",SUMIFS(KPI_DATA!$M$2:$M$2281,KPI_DATA!$J$2:$J$2281,$C19,KPI_DATA!$AA$2:$AA$2281,"Yes")),"") -> 0 | F19: =IF(OR($J$3="All",$B19=$J$3),IFERROR(INDEX(KPI_TARGETS!$E$5:$E$23,MATCH($C19,KPI_TARGETS!$C$5:$C$23,0)),"Higher is better"),"") -> Lower is better | G19: =IF($E19="","",IF($F19="Higher is better",IFERROR($D19/$E19,""),IF($D19=0,1,IFERROR($E19/$D19,"")))) -> 1 | H19: =IF(NOT(OR($J$3="All",$B19=$J$3)),"",IF($E19="","Target Needed",IF($F19="Higher is better",IF($D19>=$E19,"Green",IF($D19>=0.8*$E19,"Amber","Red")),IF($E19=0,IF($D19=0,"Green","Red"),IF($D19<=$E19,"Green",IF($D19<=1.25*$E19,"Amber","Red")))))) -> Green | I19: =IF($E19="","",IF($F19="Higher is better",$D19-$E19,$E19-$D19)) -> 0 | J19: =IF(OR($J$3="All",$B19=$J$3),SUMIFS(KPI_DATA!$L$2:$L$2281,KPI_DATA!$J$2:$J$2281,"Number of TRCs (LTI / RWC / MTC / FAT)",KPI_DATA!$Y$2:$Y$2281,"Yes",KPI_DATA!$E$2:$E$2281,"<="&$L$3),"") -> 0 | K19: =IF(OR($J$3="All",$B19=$J$3),SUMIFS(KPI_DATA!$L$2:$L$2281,KPI_DATA!$J$2:$J$2281,"Number of TRCs (LTI / RWC / MTC / FAT)",KPI_DATA!$C$2:$C$2281,"Yes",KPI_DATA!$A$2:$A$2281,"<"&$B$3)+SUMIFS(KPI_DATA!$L$2:$L$2281,KPI_DATA!$J$2:$J$2281,"Number of TRCs (LTI / RWC / MTC / FAT)",KPI_DATA!$C$2:$C$2281,"Yes",KPI_DATA!$A$2:$A$2281,$B$3,KPI_DATA!$E$2:$E$2281,"<="&$L$3),"") -> 0 | L19: =IF(OR($D$3="All",$H$3<>"Selected Year"),"",SUMIFS(KPI_DATA!$L$2:$L$2281,KPI_DATA!$J$2:$J$2281,"Number of TRCs (LTI / RWC / MTC / FAT)",KPI_DATA!$A$2:$A$2281,$B$3,KPI_DATA!$E$2:$E$2281,$L$3)-SUMIFS(KPI_DATA!$L$2:$L$2281,KPI_DATA!$J$2:$J$2281,"Number of TRCs (LTI / RWC / MTC / FAT)",KPI_DATA!$A$2:$A$2281,IF($L$3=1,$B$3-1,$B$3),KPI_DATA!$E$2:$E$2281,IF($L$3=1,12,$L$3-1))) | M19: =IF($B19<>"Lagging Indicators","",IFERROR($D19*1000000/INDEX($D$12:$D$30,MATCH("No. of Hours Worked [Exposure Hours]",$C$12:$C$30,0)),"")) -> 0
A20: 2.6 | B20: Lagging Indicators | C20: Severe Motor Vehicle Incidents (MVI) | D20: =IF(OR($J$3="All",$B20=$J$3),SUMIFS(KPI_DATA!$L$2:$L$2281,KPI_DATA!$J$2:$J$2281,"Severe Motor Vehicle Incidents (MVI)",KPI_DATA!$AA$2:$AA$2281,"Yes"),"") -> 0 | E20: =IF(OR($J$3="All",$B20=$J$3),IF(SUMIFS(KPI_DATA!$W$2:$W$2281,KPI_DATA!$J$2:$J$2281,$C20,KPI_DATA!$AA$2:$AA$2281,"Yes")=0,"",SUMIFS(KPI_DATA!$M$2:$M$2281,KPI_DATA!$J$2:$J$2281,$C20,KPI_DATA!$AA$2:$AA$2281,"Yes")),"") -> 0 | F20: =IF(OR($J$3="All",$B20=$J$3),IFERROR(INDEX(KPI_TARGETS!$E$5:$E$23,MATCH($C20,KPI_TARGETS!$C$5:$C$23,0)),"Higher is better"),"") -> Lower is better | G20: =IF($E20="","",IF($F20="Higher is better",IFERROR($D20/$E20,""),IF($D20=0,1,IFERROR($E20/$D20,"")))) -> 1 | H20: =IF(NOT(OR($J$3="All",$B20=$J$3)),"",IF($E20="","Target Needed",IF($F20="Higher is better",IF($D20>=$E20,"Green",IF($D20>=0.8*$E20,"Amber","Red")),IF($E20=0,IF($D20=0,"Green","Red"),IF($D20<=$E20,"Green",IF($D20<=1.25*$E20,"Amber","Red")))))) -> Green | I20: =IF($E20="","",IF($F20="Higher is better",$D20-$E20,$E20-$D20)) -> 0 | J20: =IF(OR($J$3="All",$B20=$J$3),SUMIFS(KPI_DATA!$L$2:$L$2281,KPI_DATA!$J$2:$J$2281,"Severe Motor Vehicle Incidents (MVI)",KPI_DATA!$Y$2:$Y$2281,"Yes",KPI_DATA!$E$2:$E$2281,"<="&$L$3),"") -> 0 | K20: =IF(OR($J$3="All",$B20=$J$3),SUMIFS(KPI_DATA!$L$2:$L$2281,KPI_DATA!$J$2:$J$2281,"Severe Motor Vehicle Incidents (MVI)",KPI_DATA!$C$2:$C$2281,"Yes",KPI_DATA!$A$2:$A$2281,"<"&$B$3)+SUMIFS(KPI_DATA!$L$2:$L$2281,KPI_DATA!$J$2:$J$2281,"Severe Motor Vehicle Incidents (MVI)",KPI_DATA!$C$2:$C$2281,"Yes",KPI_DATA!$A$2:$A$2281,$B$3,KPI_DATA!$E$2:$E$2281,"<="&$L$3),"") -> 0 | L20: =IF(OR($D$3="All",$H$3<>"Selected Year"),"",SUMIFS(KPI_DATA!$L$2:$L$2281,KPI_DATA!$J$2:$J$2281,"Severe Motor Vehicle Incidents (MVI)",KPI_DATA!$A$2:$A$2281,$B$3,KPI_DATA!$E$2:$E$2281,$L$3)-SUMIFS(KPI_DATA!$L$2:$L$2281,KPI_DATA!$J$2:$J$2281,"Severe Motor Vehicle Incidents (MVI)",KPI_DATA!$A$2:$A$2281,IF($L$3=1,$B$3-1,$B$3),KPI_DATA!$E$2:$E$2281,IF($L$3=1,12,$L$3-1))) | M20: =IF($B20<>"Lagging Indicators","",IFERROR($D20*1000000/INDEX($D$12:$D$30,MATCH("No. of Hours Worked [Exposure Hours]",$C$12:$C$30,0)),"")) -> 0
A21: 3.1 | B21: Leading Indicators | C21: Site Observations / Unsafe Acts / Conditions | D21: =IF(OR($J$3="All",$B21=$J$3),SUMIFS(KPI_DATA!$L$2:$L$2281,KPI_DATA!$J$2:$J$2281,"Site Observations / Unsafe Acts / Conditions",KPI_DATA!$AA$2:$AA$2281,"Yes"),"") -> 223 | E21: =IF(OR($J$3="All",$B21=$J$3),IF(SUMIFS(KPI_DATA!$W$2:$W$2281,KPI_DATA!$J$2:$J$2281,$C21,KPI_DATA!$AA$2:$AA$2281,"Yes")=0,"",SUMIFS(KPI_DATA!$M$2:$M$2281,KPI_DATA!$J$2:$J$2281,$C21,KPI_DATA!$AA$2:$AA$2281,"Yes")),"") -> 420 | F21: =IF(OR($J$3="All",$B21=$J$3),IFERROR(INDEX(KPI_TARGETS!$E$5:$E$23,MATCH($C21,KPI_TARGETS!$C$5:$C$23,0)),"Higher is better"),"") -> Higher is better | G21: =IF($E21="","",IF($F21="Higher is better",IFERROR($D21/$E21,""),IF($D21=0,1,IFERROR($E21/$D21,"")))) -> 0.53095238 | H21: =IF(NOT(OR($J$3="All",$B21=$J$3)),"",IF($E21="","Target Needed",IF($F21="Higher is better",IF($D21>=$E21,"Green",IF($D21>=0.8*$E21,"Amber","Red")),IF($E21=0,IF($D21=0,"Green","Red"),IF($D21<=$E21,"Green",IF($D21<=1.25*$E21,"Amber","Red")))))) -> Red | I21: =IF($E21="","",IF($F21="Higher is better",$D21-$E21,$E21-$D21)) -> -197 | J21: =IF(OR($J$3="All",$B21=$J$3),SUMIFS(KPI_DATA!$L$2:$L$2281,KPI_DATA!$J$2:$J$2281,"Site Observations / Unsafe Acts / Conditions",KPI_DATA!$Y$2:$Y$2281,"Yes",KPI_DATA!$E$2:$E$2281,"<="&$L$3),"") -> 223 | K21: =IF(OR($J$3="All",$B21=$J$3),SUMIFS(KPI_DATA!$L$2:$L$2281,KPI_DATA!$J$2:$J$2281,"Site Observations / Unsafe Acts / Conditions",KPI_DATA!$C$2:$C$2281,"Yes",KPI_DATA!$A$2:$A$2281,"<"&$B$3)+SUMIFS(KPI_DATA!$L$2:$L$2281,KPI_DATA!$J$2:$J$2281,"Site Observations / Unsafe Acts / Conditions",KPI_DATA!$C$2:$C$2281,"Yes",KPI_DATA!$A$2:$A$2281,$B$3,KPI_DATA!$E$2:$E$2281,"<="&$L$3),"") -> 223 | L21: =IF(OR($D$3="All",$H$3<>"Selected Year"),"",SUMIFS(KPI_DATA!$L$2:$L$2281,KPI_DATA!$J$2:$J$2281,"Site Observations / Unsafe Acts / Conditions",KPI_DATA!$A$2:$A$2281,$B$3,KPI_DATA!$E$2:$E$2281,$L$3)-SUMIFS(KPI_DATA!$L$2:$L$2281,KPI_DATA!$J$2:$J$2281,"Site Observations / Unsafe Acts / Conditions",KPI_DATA!$A$2:$A$2281,IF($L$3=1,$B$3-1,$B$3),KPI_DATA!$E$2:$E$2281,IF($L$3=1,12,$L$3-1))) | M21: =IF($B21<>"Lagging Indicators","",IFERROR($D21*1000000/INDEX($D$12:$D$30,MATCH("No. of Hours Worked [Exposure Hours]",$C$12:$C$30,0)),""))
A22: 3.2 | B22: Leading Indicators | C22: Site Inspections | D22: =IF(OR($J$3="All",$B22=$J$3),SUMIFS(KPI_DATA!$L$2:$L$2281,KPI_DATA!$J$2:$J$2281,"Site Inspections",KPI_DATA!$AA$2:$AA$2281,"Yes"),"") -> 28 | E22: =IF(OR($J$3="All",$B22=$J$3),IF(SUMIFS(KPI_DATA!$W$2:$W$2281,KPI_DATA!$J$2:$J$2281,$C22,KPI_DATA!$AA$2:$AA$2281,"Yes")=0,"",SUMIFS(KPI_DATA!$M$2:$M$2281,KPI_DATA!$J$2:$J$2281,$C22,KPI_DATA!$AA$2:$AA$2281,"Yes")),"") -> 60 | F22: =IF(OR($J$3="All",$B22=$J$3),IFERROR(INDEX(KPI_TARGETS!$E$5:$E$23,MATCH($C22,KPI_TARGETS!$C$5:$C$23,0)),"Higher is better"),"") -> Higher is better | G22: =IF($E22="","",IF($F22="Higher is better",IFERROR($D22/$E22,""),IF($D22=0,1,IFERROR($E22/$D22,"")))) -> 0.46666667 | H22: =IF(NOT(OR($J$3="All",$B22=$J$3)),"",IF($E22="","Target Needed",IF($F22="Higher is better",IF($D22>=$E22,"Green",IF($D22>=0.8*$E22,"Amber","Red")),IF($E22=0,IF($D22=0,"Green","Red"),IF($D22<=$E22,"Green",IF($D22<=1.25*$E22,"Amber","Red")))))) -> Red | I22: =IF($E22="","",IF($F22="Higher is better",$D22-$E22,$E22-$D22)) -> -32 | J22: =IF(OR($J$3="All",$B22=$J$3),SUMIFS(KPI_DATA!$L$2:$L$2281,KPI_DATA!$J$2:$J$2281,"Site Inspections",KPI_DATA!$Y$2:$Y$2281,"Yes",KPI_DATA!$E$2:$E$2281,"<="&$L$3),"") -> 28 | K22: =IF(OR($J$3="All",$B22=$J$3),SUMIFS(KPI_DATA!$L$2:$L$2281,KPI_DATA!$J$2:$J$2281,"Site Inspections",KPI_DATA!$C$2:$C$2281,"Yes",KPI_DATA!$A$2:$A$2281,"<"&$B$3)+SUMIFS(KPI_DATA!$L$2:$L$2281,KPI_DATA!$J$2:$J$2281,"Site Inspections",KPI_DATA!$C$2:$C$2281,"Yes",KPI_DATA!$A$2:$A$2281,$B$3,KPI_DATA!$E$2:$E$2281,"<="&$L$3),"") -> 28 | L22: =IF(OR($D$3="All",$H$3<>"Selected Year"),"",SUMIFS(KPI_DATA!$L$2:$L$2281,KPI_DATA!$J$2:$J$2281,"Site Inspections",KPI_DATA!$A$2:$A$2281,$B$3,KPI_DATA!$E$2:$E$2281,$L$3)-SUMIFS(KPI_DATA!$L$2:$L$2281,KPI_DATA!$J$2:$J$2281,"Site Inspections",KPI_DATA!$A$2:$A$2281,IF($L$3=1,$B$3-1,$B$3),KPI_DATA!$E$2:$E$2281,IF($L$3=1,12,$L$3-1))) | M22: =IF($B22<>"Lagging Indicators","",IFERROR($D22*1000000/INDEX($D$12:$D$30,MATCH("No. of Hours Worked [Exposure Hours]",$C$12:$C$30,0)),""))
A23: 3.3 | B23: Leading Indicators | C23: Site HSE Meetings | D23: =IF(OR($J$3="All",$B23=$J$3),SUMIFS(KPI_DATA!$L$2:$L$2281,KPI_DATA!$J$2:$J$2281,"Site HSE Meetings",KPI_DATA!$AA$2:$AA$2281,"Yes"),"") -> 28 | E23: =IF(OR($J$3="All",$B23=$J$3),IF(SUMIFS(KPI_DATA!$W$2:$W$2281,KPI_DATA!$J$2:$J$2281,$C23,KPI_DATA!$AA$2:$AA$2281,"Yes")=0,"",SUMIFS(KPI_DATA!$M$2:$M$2281,KPI_DATA!$J$2:$J$2281,$C23,KPI_DATA!$AA$2:$AA$2281,"Yes")),"") -> 48 | F23: =IF(OR($J$3="All",$B23=$J$3),IFERROR(INDEX(KPI_TARGETS!$E$5:$E$23,MATCH($C23,KPI_TARGETS!$C$5:$C$23,0)),"Higher is better"),"") -> Higher is better | G23: =IF($E23="","",IF($F23="Higher is better",IFERROR($D23/$E23,""),IF($D23=0,1,IFERROR($E23/$D23,"")))) -> 0.58333333 | H23: =IF(NOT(OR($J$3="All",$B23=$J$3)),"",IF($E23="","Target Needed",IF($F23="Higher is better",IF($D23>=$E23,"Green",IF($D23>=0.8*$E23,"Amber","Red")),IF($E23=0,IF($D23=0,"Green","Red"),IF($D23<=$E23,"Green",IF($D23<=1.25*$E23,"Amber","Red")))))) -> Red | I23: =IF($E23="","",IF($F23="Higher is better",$D23-$E23,$E23-$D23)) -> -20 | J23: =IF(OR($J$3="All",$B23=$J$3),SUMIFS(KPI_DATA!$L$2:$L$2281,KPI_DATA!$J$2:$J$2281,"Site HSE Meetings",KPI_DATA!$Y$2:$Y$2281,"Yes",KPI_DATA!$E$2:$E$2281,"<="&$L$3),"") -> 28 | K23: =IF(OR($J$3="All",$B23=$J$3),SUMIFS(KPI_DATA!$L$2:$L$2281,KPI_DATA!$J$2:$J$2281,"Site HSE Meetings",KPI_DATA!$C$2:$C$2281,"Yes",KPI_DATA!$A$2:$A$2281,"<"&$B$3)+SUMIFS(KPI_DATA!$L$2:$L$2281,KPI_DATA!$J$2:$J$2281,"Site HSE Meetings",KPI_DATA!$C$2:$C$2281,"Yes",KPI_DATA!$A$2:$A$2281,$B$3,KPI_DATA!$E$2:$E$2281,"<="&$L$3),"") -> 28 | L23: =IF(OR($D$3="All",$H$3<>"Selected Year"),"",SUMIFS(KPI_DATA!$L$2:$L$2281,KPI_DATA!$J$2:$J$2281,"Site HSE Meetings",KPI_DATA!$A$2:$A$2281,$B$3,KPI_DATA!$E$2:$E$2281,$L$3)-SUMIFS(KPI_DATA!$L$2:$L$2281,KPI_DATA!$J$2:$J$2281,"Site HSE Meetings",KPI_DATA!$A$2:$A$2281,IF($L$3=1,$B$3-1,$B$3),KPI_DATA!$E$2:$E$2281,IF($L$3=1,12,$L$3-1))) | M23: =IF($B23<>"Lagging Indicators","",IFERROR($D23*1000000/INDEX($D$12:$D$30,MATCH("No. of Hours Worked [Exposure Hours]",$C$12:$C$30,0)),""))
A24: 3.4 | B24: Leading Indicators | C24: Site Toolbox Talks | D24: =IF(OR($J$3="All",$B24=$J$3),SUMIFS(KPI_DATA!$L$2:$L$2281,KPI_DATA!$J$2:$J$2281,"Site Toolbox Talks",KPI_DATA!$AA$2:$AA$2281,"Yes"),"") -> 140 | E24: =IF(OR($J$3="All",$B24=$J$3),IF(SUMIFS(KPI_DATA!$W$2:$W$2281,KPI_DATA!$J$2:$J$2281,$C24,KPI_DATA!$AA$2:$AA$2281,"Yes")=0,"",SUMIFS(KPI_DATA!$M$2:$M$2281,KPI_DATA!$J$2:$J$2281,$C24,KPI_DATA!$AA$2:$AA$2281,"Yes")),"") -> 144 | F24: =IF(OR($J$3="All",$B24=$J$3),IFERROR(INDEX(KPI_TARGETS!$E$5:$E$23,MATCH($C24,KPI_TARGETS!$C$5:$C$23,0)),"Higher is better"),"") -> Higher is better | G24: =IF($E24="","",IF($F24="Higher is better",IFERROR($D24/$E24,""),IF($D24=0,1,IFERROR($E24/$D24,"")))) -> 0.97222222 | H24: =IF(NOT(OR($J$3="All",$B24=$J$3)),"",IF($E24="","Target Needed",IF($F24="Higher is better",IF($D24>=$E24,"Green",IF($D24>=0.8*$E24,"Amber","Red")),IF($E24=0,IF($D24=0,"Green","Red"),IF($D24<=$E24,"Green",IF($D24<=1.25*$E24,"Amber","Red")))))) -> Amber | I24: =IF($E24="","",IF($F24="Higher is better",$D24-$E24,$E24-$D24)) -> -4 | J24: =IF(OR($J$3="All",$B24=$J$3),SUMIFS(KPI_DATA!$L$2:$L$2281,KPI_DATA!$J$2:$J$2281,"Site Toolbox Talks",KPI_DATA!$Y$2:$Y$2281,"Yes",KPI_DATA!$E$2:$E$2281,"<="&$L$3),"") -> 140 | K24: =IF(OR($J$3="All",$B24=$J$3),SUMIFS(KPI_DATA!$L$2:$L$2281,KPI_DATA!$J$2:$J$2281,"Site Toolbox Talks",KPI_DATA!$C$2:$C$2281,"Yes",KPI_DATA!$A$2:$A$2281,"<"&$B$3)+SUMIFS(KPI_DATA!$L$2:$L$2281,KPI_DATA!$J$2:$J$2281,"Site Toolbox Talks",KPI_DATA!$C$2:$C$2281,"Yes",KPI_DATA!$A$2:$A$2281,$B$3,KPI_DATA!$E$2:$E$2281,"<="&$L$3),"") -> 140 | L24: =IF(OR($D$3="All",$H$3<>"Selected Year"),"",SUMIFS(KPI_DATA!$L$2:$L$2281,KPI_DATA!$J$2:$J$2281,"Site Toolbox Talks",KPI_DATA!$A$2:$A$2281,$B$3,KPI_DATA!$E$2:$E$2281,$L$3)-SUMIFS(KPI_DATA!$L$2:$L$2281,KPI_DATA!$J$2:$J$2281,"Site Toolbox Talks",KPI_DATA!$A$2:$A$2281,IF($L$3=1,$B$3-1,$B$3),KPI_DATA!$E$2:$E$2281,IF($L$3=1,12,$L$3-1))) | M24: =IF($B24<>"Lagging Indicators","",IFERROR($D24*1000000/INDEX($D$12:$D$30,MATCH("No. of Hours Worked [Exposure Hours]",$C$12:$C$30,0)),""))
A25: 3.5 | B25: Leading Indicators | C25: Management Visits / Walk-around | D25: =IF(OR($J$3="All",$B25=$J$3),SUMIFS(KPI_DATA!$L$2:$L$2281,KPI_DATA!$J$2:$J$2281,"Management Visits / Walk-around",KPI_DATA!$AA$2:$AA$2281,"Yes"),"") -> 28 | E25: =IF(OR($J$3="All",$B25=$J$3),IF(SUMIFS(KPI_DATA!$W$2:$W$2281,KPI_DATA!$J$2:$J$2281,$C25,KPI_DATA!$AA$2:$AA$2281,"Yes")=0,"",SUMIFS(KPI_DATA!$M$2:$M$2281,KPI_DATA!$J$2:$J$2281,$C25,KPI_DATA!$AA$2:$AA$2281,"Yes")),"") -> 48 | F25: =IF(OR($J$3="All",$B25=$J$3),IFERROR(INDEX(KPI_TARGETS!$E$5:$E$23,MATCH($C25,KPI_TARGETS!$C$5:$C$23,0)),"Higher is better"),"") -> Higher is better | G25: =IF($E25="","",IF($F25="Higher is better",IFERROR($D25/$E25,""),IF($D25=0,1,IFERROR($E25/$D25,"")))) -> 0.58333333 | H25: =IF(NOT(OR($J$3="All",$B25=$J$3)),"",IF($E25="","Target Needed",IF($F25="Higher is better",IF($D25>=$E25,"Green",IF($D25>=0.8*$E25,"Amber","Red")),IF($E25=0,IF($D25=0,"Green","Red"),IF($D25<=$E25,"Green",IF($D25<=1.25*$E25,"Amber","Red")))))) -> Red | I25: =IF($E25="","",IF($F25="Higher is better",$D25-$E25,$E25-$D25)) -> -20 | J25: =IF(OR($J$3="All",$B25=$J$3),SUMIFS(KPI_DATA!$L$2:$L$2281,KPI_DATA!$J$2:$J$2281,"Management Visits / Walk-around",KPI_DATA!$Y$2:$Y$2281,"Yes",KPI_DATA!$E$2:$E$2281,"<="&$L$3),"") -> 28 | K25: =IF(OR($J$3="All",$B25=$J$3),SUMIFS(KPI_DATA!$L$2:$L$2281,KPI_DATA!$J$2:$J$2281,"Management Visits / Walk-around",KPI_DATA!$C$2:$C$2281,"Yes",KPI_DATA!$A$2:$A$2281,"<"&$B$3)+SUMIFS(KPI_DATA!$L$2:$L$2281,KPI_DATA!$J$2:$J$2281,"Management Visits / Walk-around",KPI_DATA!$C$2:$C$2281,"Yes",KPI_DATA!$A$2:$A$2281,$B$3,KPI_DATA!$E$2:$E$2281,"<="&$L$3),"") -> 28 | L25: =IF(OR($D$3="All",$H$3<>"Selected Year"),"",SUMIFS(KPI_DATA!$L$2:$L$2281,KPI_DATA!$J$2:$J$2281,"Management Visits / Walk-around",KPI_DATA!$A$2:$A$2281,$B$3,KPI_DATA!$E$2:$E$2281,$L$3)-SUMIFS(KPI_DATA!$L$2:$L$2281,KPI_DATA!$J$2:$J$2281,"Management Visits / Walk-around",KPI_DATA!$A$2:$A$2281,IF($L$3=1,$B$3-1,$B$3),KPI_DATA!$E$2:$E$2281,IF($L$3=1,12,$L$3-1))) | M25: =IF($B25<>"Lagging Indicators","",IFERROR($D25*1000000/INDEX($D$12:$D$30,MATCH("No. of Hours Worked [Exposure Hours]",$C$12:$C$30,0)),""))
A26: 3.6 | B26: Leading Indicators | C26: HSE Training (No. and Participants) | D26: =IF(OR($J$3="All",$B26=$J$3),SUMIFS(KPI_DATA!$L$2:$L$2281,KPI_DATA!$J$2:$J$2281,"HSE Training (No. and Participants)",KPI_DATA!$AA$2:$AA$2281,"Yes"),"") -> 56 | E26: =IF(OR($J$3="All",$B26=$J$3),IF(SUMIFS(KPI_DATA!$W$2:$W$2281,KPI_DATA!$J$2:$J$2281,$C26,KPI_DATA!$AA$2:$AA$2281,"Yes")=0,"",SUMIFS(KPI_DATA!$M$2:$M$2281,KPI_DATA!$J$2:$J$2281,$C26,KPI_DATA!$AA$2:$AA$2281,"Yes")),"") -> 192 | F26: =IF(OR($J$3="All",$B26=$J$3),IFERROR(INDEX(KPI_TARGETS!$E$5:$E$23,MATCH($C26,KPI_TARGETS!$C$5:$C$23,0)),"Higher is better"),"") -> Higher is better | G26: =IF($E26="","",IF($F26="Higher is better",IFERROR($D26/$E26,""),IF($D26=0,1,IFERROR($E26/$D26,"")))) -> 0.29166667 | H26: =IF(NOT(OR($J$3="All",$B26=$J$3)),"",IF($E26="","Target Needed",IF($F26="Higher is better",IF($D26>=$E26,"Green",IF($D26>=0.8*$E26,"Amber","Red")),IF($E26=0,IF($D26=0,"Green","Red"),IF($D26<=$E26,"Green",IF($D26<=1.25*$E26,"Amber","Red")))))) -> Red | I26: =IF($E26="","",IF($F26="Higher is better",$D26-$E26,$E26-$D26)) -> -136 | J26: =IF(OR($J$3="All",$B26=$J$3),SUMIFS(KPI_DATA!$L$2:$L$2281,KPI_DATA!$J$2:$J$2281,"HSE Training (No. and Participants)",KPI_DATA!$Y$2:$Y$2281,"Yes",KPI_DATA!$E$2:$E$2281,"<="&$L$3),"") -> 56 | K26: =IF(OR($J$3="All",$B26=$J$3),SUMIFS(KPI_DATA!$L$2:$L$2281,KPI_DATA!$J$2:$J$2281,"HSE Training (No. and Participants)",KPI_DATA!$C$2:$C$2281,"Yes",KPI_DATA!$A$2:$A$2281,"<"&$B$3)+SUMIFS(KPI_DATA!$L$2:$L$2281,KPI_DATA!$J$2:$J$2281,"HSE Training (No. and Participants)",KPI_DATA!$C$2:$C$2281,"Yes",KPI_DATA!$A$2:$A$2281,$B$3,KPI_DATA!$E$2:$E$2281,"<="&$L$3),"") -> 56 | L26: =IF(OR($D$3="All",$H$3<>"Selected Year"),"",SUMIFS(KPI_DATA!$L$2:$L$2281,KPI_DATA!$J$2:$J$2281,"HSE Training (No. and Participants)",KPI_DATA!$A$2:$A$2281,$B$3,KPI_DATA!$E$2:$E$2281,$L$3)-SUMIFS(KPI_DATA!$L$2:$L$2281,KPI_DATA!$J$2:$J$2281,"HSE Training (No. and Participants)",KPI_DATA!$A$2:$A$2281,IF($L$3=1,$B$3-1,$B$3),KPI_DATA!$E$2:$E$2281,IF($L$3=1,12,$L$3-1))) | M26: =IF($B26<>"Lagging Indicators","",IFERROR($D26*1000000/INDEX($D$12:$D$30,MATCH("No. of Hours Worked [Exposure Hours]",$C$12:$C$30,0)),""))
A27: 3.7 | B27: Leading Indicators | C27: Site HSE Reward / Recognition | D27: =IF(OR($J$3="All",$B27=$J$3),SUMIFS(KPI_DATA!$L$2:$L$2281,KPI_DATA!$J$2:$J$2281,"Site HSE Reward / Recognition",KPI_DATA!$AA$2:$AA$2281,"Yes"),"") -> 7 | E27: =IF(OR($J$3="All",$B27=$J$3),IF(SUMIFS(KPI_DATA!$W$2:$W$2281,KPI_DATA!$J$2:$J$2281,$C27,KPI_DATA!$AA$2:$AA$2281,"Yes")=0,"",SUMIFS(KPI_DATA!$M$2:$M$2281,KPI_DATA!$J$2:$J$2281,$C27,KPI_DATA!$AA$2:$AA$2281,"Yes")),"") -> 12 | F27: =IF(OR($J$3="All",$B27=$J$3),IFERROR(INDEX(KPI_TARGETS!$E$5:$E$23,MATCH($C27,KPI_TARGETS!$C$5:$C$23,0)),"Higher is better"),"") -> Higher is better | G27: =IF($E27="","",IF($F27="Higher is better",IFERROR($D27/$E27,""),IF($D27=0,1,IFERROR($E27/$D27,"")))) -> 0.58333333 | H27: =IF(NOT(OR($J$3="All",$B27=$J$3)),"",IF($E27="","Target Needed",IF($F27="Higher is better",IF($D27>=$E27,"Green",IF($D27>=0.8*$E27,"Amber","Red")),IF($E27=0,IF($D27=0,"Green","Red"),IF($D27<=$E27,"Green",IF($D27<=1.25*$E27,"Amber","Red")))))) -> Red | I27: =IF($E27="","",IF($F27="Higher is better",$D27-$E27,$E27-$D27)) -> -5 | J27: =IF(OR($J$3="All",$B27=$J$3),SUMIFS(KPI_DATA!$L$2:$L$2281,KPI_DATA!$J$2:$J$2281,"Site HSE Reward / Recognition",KPI_DATA!$Y$2:$Y$2281,"Yes",KPI_DATA!$E$2:$E$2281,"<="&$L$3),"") -> 7 | K27: =IF(OR($J$3="All",$B27=$J$3),SUMIFS(KPI_DATA!$L$2:$L$2281,KPI_DATA!$J$2:$J$2281,"Site HSE Reward / Recognition",KPI_DATA!$C$2:$C$2281,"Yes",KPI_DATA!$A$2:$A$2281,"<"&$B$3)+SUMIFS(KPI_DATA!$L$2:$L$2281,KPI_DATA!$J$2:$J$2281,"Site HSE Reward / Recognition",KPI_DATA!$C$2:$C$2281,"Yes",KPI_DATA!$A$2:$A$2281,$B$3,KPI_DATA!$E$2:$E$2281,"<="&$L$3),"") -> 7 | L27: =IF(OR($D$3="All",$H$3<>"Selected Year"),"",SUMIFS(KPI_DATA!$L$2:$L$2281,KPI_DATA!$J$2:$J$2281,"Site HSE Reward / Recognition",KPI_DATA!$A$2:$A$2281,$B$3,KPI_DATA!$E$2:$E$2281,$L$3)-SUMIFS(KPI_DATA!$L$2:$L$2281,KPI_DATA!$J$2:$J$2281,"Site HSE Reward / Recognition",KPI_DATA!$A$2:$A$2281,IF($L$3=1,$B$3-1,$B$3),KPI_DATA!$E$2:$E$2281,IF($L$3=1,12,$L$3-1))) | M27: =IF($B27<>"Lagging Indicators","",IFERROR($D27*1000000/INDEX($D$12:$D$30,MATCH("No. of Hours Worked [Exposure Hours]",$C$12:$C$30,0)),""))
A28: 4.1 | B28: Others | C28: Community / Public Complaints Received | D28: =IF(OR($J$3="All",$B28=$J$3),SUMIFS(KPI_DATA!$L$2:$L$2281,KPI_DATA!$J$2:$J$2281,"Community / Public Complaints Received",KPI_DATA!$AA$2:$AA$2281,"Yes"),"") -> 0 | E28: =IF(OR($J$3="All",$B28=$J$3),IF(SUMIFS(KPI_DATA!$W$2:$W$2281,KPI_DATA!$J$2:$J$2281,$C28,KPI_DATA!$AA$2:$AA$2281,"Yes")=0,"",SUMIFS(KPI_DATA!$M$2:$M$2281,KPI_DATA!$J$2:$J$2281,$C28,KPI_DATA!$AA$2:$AA$2281,"Yes")),"") -> 0 | F28: =IF(OR($J$3="All",$B28=$J$3),IFERROR(INDEX(KPI_TARGETS!$E$5:$E$23,MATCH($C28,KPI_TARGETS!$C$5:$C$23,0)),"Higher is better"),"") -> Lower is better | G28: =IF($E28="","",IF($F28="Higher is better",IFERROR($D28/$E28,""),IF($D28=0,1,IFERROR($E28/$D28,"")))) -> 1 | H28: =IF(NOT(OR($J$3="All",$B28=$J$3)),"",IF($E28="","Target Needed",IF($F28="Higher is better",IF($D28>=$E28,"Green",IF($D28>=0.8*$E28,"Amber","Red")),IF($E28=0,IF($D28=0,"Green","Red"),IF($D28<=$E28,"Green",IF($D28<=1.25*$E28,"Amber","Red")))))) -> Green | I28: =IF($E28="","",IF($F28="Higher is better",$D28-$E28,$E28-$D28)) -> 0 | J28: =IF(OR($J$3="All",$B28=$J$3),SUMIFS(KPI_DATA!$L$2:$L$2281,KPI_DATA!$J$2:$J$2281,"Community / Public Complaints Received",KPI_DATA!$Y$2:$Y$2281,"Yes",KPI_DATA!$E$2:$E$2281,"<="&$L$3),"") -> 0 | K28: =IF(OR($J$3="All",$B28=$J$3),SUMIFS(KPI_DATA!$L$2:$L$2281,KPI_DATA!$J$2:$J$2281,"Community / Public Complaints Received",KPI_DATA!$C$2:$C$2281,"Yes",KPI_DATA!$A$2:$A$2281,"<"&$B$3)+SUMIFS(KPI_DATA!$L$2:$L$2281,KPI_DATA!$J$2:$J$2281,"Community / Public Complaints Received",KPI_DATA!$C$2:$C$2281,"Yes",KPI_DATA!$A$2:$A$2281,$B$3,KPI_DATA!$E$2:$E$2281,"<="&$L$3),"") -> 0 | L28: =IF(OR($D$3="All",$H$3<>"Selected Year"),"",SUMIFS(KPI_DATA!$L$2:$L$2281,KPI_DATA!$J$2:$J$2281,"Community / Public Complaints Received",KPI_DATA!$A$2:$A$2281,$B$3,KPI_DATA!$E$2:$E$2281,$L$3)-SUMIFS(KPI_DATA!$L$2:$L$2281,KPI_DATA!$J$2:$J$2281,"Community / Public Complaints Received",KPI_DATA!$A$2:$A$2281,IF($L$3=1,$B$3-1,$B$3),KPI_DATA!$E$2:$E$2281,IF($L$3=1,12,$L$3-1))) | M28: =IF($B28<>"Lagging Indicators","",IFERROR($D28*1000000/INDEX($D$12:$D$30,MATCH("No. of Hours Worked [Exposure Hours]",$C$12:$C$30,0)),""))
A29: 4.2 | B29: Others | C29: Learning from Incidents (LFI) shared | D29: =IF(OR($J$3="All",$B29=$J$3),SUMIFS(KPI_DATA!$L$2:$L$2281,KPI_DATA!$J$2:$J$2281,"Learning from Incidents (LFI) shared",KPI_DATA!$AA$2:$AA$2281,"Yes"),"") -> 7 | E29: =IF(OR($J$3="All",$B29=$J$3),IF(SUMIFS(KPI_DATA!$W$2:$W$2281,KPI_DATA!$J$2:$J$2281,$C29,KPI_DATA!$AA$2:$AA$2281,"Yes")=0,"",SUMIFS(KPI_DATA!$M$2:$M$2281,KPI_DATA!$J$2:$J$2281,$C29,KPI_DATA!$AA$2:$AA$2281,"Yes")),"") -> 12 | F29: =IF(OR($J$3="All",$B29=$J$3),IFERROR(INDEX(KPI_TARGETS!$E$5:$E$23,MATCH($C29,KPI_TARGETS!$C$5:$C$23,0)),"Higher is better"),"") -> Higher is better | G29: =IF($E29="","",IF($F29="Higher is better",IFERROR($D29/$E29,""),IF($D29=0,1,IFERROR($E29/$D29,"")))) -> 0.58333333 | H29: =IF(NOT(OR($J$3="All",$B29=$J$3)),"",IF($E29="","Target Needed",IF($F29="Higher is better",IF($D29>=$E29,"Green",IF($D29>=0.8*$E29,"Amber","Red")),IF($E29=0,IF($D29=0,"Green","Red"),IF($D29<=$E29,"Green",IF($D29<=1.25*$E29,"Amber","Red")))))) -> Red | I29: =IF($E29="","",IF($F29="Higher is better",$D29-$E29,$E29-$D29)) -> -5 | J29: =IF(OR($J$3="All",$B29=$J$3),SUMIFS(KPI_DATA!$L$2:$L$2281,KPI_DATA!$J$2:$J$2281,"Learning from Incidents (LFI) shared",KPI_DATA!$Y$2:$Y$2281,"Yes",KPI_DATA!$E$2:$E$2281,"<="&$L$3),"") -> 7 | K29: =IF(OR($J$3="All",$B29=$J$3),SUMIFS(KPI_DATA!$L$2:$L$2281,KPI_DATA!$J$2:$J$2281,"Learning from Incidents (LFI) shared",KPI_DATA!$C$2:$C$2281,"Yes",KPI_DATA!$A$2:$A$2281,"<"&$B$3)+SUMIFS(KPI_DATA!$L$2:$L$2281,KPI_DATA!$J$2:$J$2281,"Learning from Incidents (LFI) shared",KPI_DATA!$C$2:$C$2281,"Yes",KPI_DATA!$A$2:$A$2281,$B$3,KPI_DATA!$E$2:$E$2281,"<="&$L$3),"") -> 7 | L29: =IF(OR($D$3="All",$H$3<>"Selected Year"),"",SUMIFS(KPI_DATA!$L$2:$L$2281,KPI_DATA!$J$2:$J$2281,"Learning from Incidents (LFI) shared",KPI_DATA!$A$2:$A$2281,$B$3,KPI_DATA!$E$2:$E$2281,$L$3)-SUMIFS(KPI_DATA!$L$2:$L$2281,KPI_DATA!$J$2:$J$2281,"Learning from Incidents (LFI) shared",KPI_DATA!$A$2:$A$2281,IF($L$3=1,$B$3-1,$B$3),KPI_DATA!$E$2:$E$2281,IF($L$3=1,12,$L$3-1))) | M29: =IF($B29<>"Lagging Indicators","",IFERROR($D29*1000000/INDEX($D$12:$D$30,MATCH("No. of Hours Worked [Exposure Hours]",$C$12:$C$30,0)),""))
A30: 4.3 | B30: Others | C30: GCP / AIP and close open actions | D30: =IF(OR($J$3="All",$B30=$J$3),SUMIFS(KPI_DATA!$L$2:$L$2281,KPI_DATA!$J$2:$J$2281,"GCP / AIP and close open actions",KPI_DATA!$AA$2:$AA$2281,"Yes"),"") -> 7 | E30: =IF(OR($J$3="All",$B30=$J$3),IF(SUMIFS(KPI_DATA!$W$2:$W$2281,KPI_DATA!$J$2:$J$2281,$C30,KPI_DATA!$AA$2:$AA$2281,"Yes")=0,"",SUMIFS(KPI_DATA!$M$2:$M$2281,KPI_DATA!$J$2:$J$2281,$C30,KPI_DATA!$AA$2:$AA$2281,"Yes")),"") -> 12 | F30: =IF(OR($J$3="All",$B30=$J$3),IFERROR(INDEX(KPI_TARGETS!$E$5:$E$23,MATCH($C30,KPI_TARGETS!$C$5:$C$23,0)),"Higher is better"),"") -> Higher is better | G30: =IF($E30="","",IF($F30="Higher is better",IFERROR($D30/$E30,""),IF($D30=0,1,IFERROR($E30/$D30,"")))) -> 0.58333333 | H30: =IF(NOT(OR($J$3="All",$B30=$J$3)),"",IF($E30="","Target Needed",IF($F30="Higher is better",IF($D30>=$E30,"Green",IF($D30>=0.8*$E30,"Amber","Red")),IF($E30=0,IF($D30=0,"Green","Red"),IF($D30<=$E30,"Green",IF($D30<=1.25*$E30,"Amber","Red")))))) -> Red | I30: =IF($E30="","",IF($F30="Higher is better",$D30-$E30,$E30-$D30)) -> -5 | J30: =IF(OR($J$3="All",$B30=$J$3),SUMIFS(KPI_DATA!$L$2:$L$2281,KPI_DATA!$J$2:$J$2281,"GCP / AIP and close open actions",KPI_DATA!$Y$2:$Y$2281,"Yes",KPI_DATA!$E$2:$E$2281,"<="&$L$3),"") -> 7 | K30: =IF(OR($J$3="All",$B30=$J$3),SUMIFS(KPI_DATA!$L$2:$L$2281,KPI_DATA!$J$2:$J$2281,"GCP / AIP and close open actions",KPI_DATA!$C$2:$C$2281,"Yes",KPI_DATA!$A$2:$A$2281,"<"&$B$3)+SUMIFS(KPI_DATA!$L$2:$L$2281,KPI_DATA!$J$2:$J$2281,"GCP / AIP and close open actions",KPI_DATA!$C$2:$C$2281,"Yes",KPI_DATA!$A$2:$A$2281,$B$3,KPI_DATA!$E$2:$E$2281,"<="&$L$3),"") -> 7 | L30: =IF(OR($D$3="All",$H$3<>"Selected Year"),"",SUMIFS(KPI_DATA!$L$2:$L$2281,KPI_DATA!$J$2:$J$2281,"GCP / AIP and close open actions",KPI_DATA!$A$2:$A$2281,$B$3,KPI_DATA!$E$2:$E$2281,$L$3)-SUMIFS(KPI_DATA!$L$2:$L$2281,KPI_DATA!$J$2:$J$2281,"GCP / AIP and close open actions",KPI_DATA!$A$2:$A$2281,IF($L$3=1,$B$3-1,$B$3),KPI_DATA!$E$2:$E$2281,IF($L$3=1,12,$L$3-1))) | M30: =IF($B30<>"Lagging Indicators","",IFERROR($D30*1000000/INDEX($D$12:$D$30,MATCH("No. of Hours Worked [Exposure Hours]",$C$12:$C$30,0)),""))
C54: Overall Statistics
C55: Statistic | D55: Value
C56: Scope | D56: =$H$3 -> Selected Year
C57: Period | D57: =$F$3&" / "&$D$3 -> YTD / All
C58: Green KPIs | D58: =COUNTIFS($H$12:$H$30,"Green",$B$12:$B$30,IF($J$3="All","*",$J$3)) -> 7
C59: Amber KPIs | D59: =COUNTIFS($H$12:$H$30,"Amber",$B$12:$B$30,IF($J$3="All","*",$J$3)) -> 2
C60: Red KPIs | D60: =COUNTIFS($H$12:$H$30,"Red",$B$12:$B$30,IF($J$3="All","*",$J$3)) -> 10
C61: Target Needed | D61: =COUNTIFS($H$12:$H$30,"Target Needed",$B$12:$B$30,IF($J$3="All","*",$J$3)) -> 0
C62: Leading Avg Achievement | D62: =IFERROR(AVERAGEIFS($G$12:$G$30,$B$12:$B$30,"Leading Indicators",$G$12:$G$30,">0"),"") -> 0.57307256
C63: TRIR / 1M hrs | D63: =IFERROR(G6*1000000/A6,"") -> 0
C64: Near Miss Rate / 1M hrs | D64: =IFERROR(J6*1000000/A6,"") -> 0
C65: LSR Rate / 1M hrs | D65: =IFERROR(INDEX($D$12:$D$30,MATCH("Life Saving Rule (LSR) Violations",$C$12:$C$30,0))*1000000/A6,"") -> 0
C66: Total Leading Activities | D66: =SUMIFS($D$12:$D$30,$B$12:$B$30,"Leading Indicators") -> 510
C67: Total Lagging Events | D67: =SUMIFS($D$12:$D$30,$B$12:$B$30,"Lagging Indicators") -> 0
C68: Highest Hours Month | D68: =INDEX($W$5:$W$16,MATCH(MAX($X$5:$X$16),$X$5:$X$16,0)) -> Oct
C69: Highest Near Miss Month | D69: =INDEX($W$5:$W$16,MATCH(MAX($Y$5:$Y$16),$Y$5:$Y$16,0)) -> Jan
C70: Targets Covered | D70: =P6 -> 228 / 228

Sheet DASHBOARD
A1: Project HSE Statistics | B1: Project HSE Statistics | C1: Project HSE Statistics | D1: Project HSE Statistics | E1: Project HSE Statistics | F1: Project HSE Statistics | G1: Project HSE Statistics | H1: Project HSE Statistics | I1: Project HSE Statistics | J1: Project HSE Statistics | K1: Project HSE Statistics | L1: Project HSE Statistics | M1: Project HSE Statistics | N1: Project HSE Statistics | O1: Project HSE Statistics | P1: Project HSE Statistics | Q1: Project HSE Statistics | R1: Project HSE Statistics | S1: Project HSE Statistics | T1: Project HSE Statistics | U1: Project HSE Statistics
A2: Project-wide totals use SETTINGS Start Year and Finish Year. Multi-year charts compare all active years. | B2: Project-wide totals use SETTINGS Start Year and Finish Year. Multi-year charts compare all active years. | C2: Project-wide totals use SETTINGS Start Year and Finish Year. Multi-year charts compare all active years. | D2: Project-wide totals use SETTINGS Start Year and Finish Year. Multi-year charts compare all active years. | E2: Project-wide totals use SETTINGS Start Year and Finish Year. Multi-year charts compare all active years. | F2: Project-wide totals use SETTINGS Start Year and Finish Year. Multi-year charts compare all active years. | G2: Project-wide totals use SETTINGS Start Year and Finish Year. Multi-year charts compare all active years. | H2: Project-wide totals use SETTINGS Start Year and Finish Year. Multi-year charts compare all active years. | I2: Project-wide totals use SETTINGS Start Year and Finish Year. Multi-year charts compare all active years. | J2: Project-wide totals use SETTINGS Start Year and Finish Year. Multi-year charts compare all active years. | K2: Project-wide totals use SETTINGS Start Year and Finish Year. Multi-year charts compare all active years. | L2: Project-wide totals use SETTINGS Start Year and Finish Year. Multi-year charts compare all active years. | M2: Project-wide totals use SETTINGS Start Year and Finish Year. Multi-year charts compare all active years. | N2: Project-wide totals use SETTINGS Start Year and Finish Year. Multi-year charts compare all active years. | O2: Project-wide totals use SETTINGS Start Year and Finish Year. Multi-year charts compare all active years. | P2: Project-wide totals use SETTINGS Start Year and Finish Year. Multi-year charts compare all active years. | Q2: Project-wide totals use SETTINGS Start Year and Finish Year. Multi-year charts compare all active years. | R2: Project-wide totals use SETTINGS Start Year and Finish Year. Multi-year charts compare all active years. | S2: Project-wide totals use SETTINGS Start Year and Finish Year. Multi-year charts compare all active years. | T2: Project-wide totals use SETTINGS Start Year and Finish Year. Multi-year charts compare all active years. | U2: Project-wide totals use SETTINGS Start Year and Finish Year. Multi-year charts compare all active years.
A3: Project Hours | B3: Project Hours | C3: Project Hours | D3: Kilometres Driven | E3: Kilometres Driven | F3: Kilometres Driven | G3: TRC Count | H3: TRC Count | I3: TRC Count | J3: Near Misses | K3: Near Misses | L3: Near Misses | M3: Project TRIR | N3: Project TRIR | O3: Project TRIR | P3: Targets Covered | Q3: Targets Covered | R3: Targets Covered | S3: Months With Hours | T3: Months With Hours | U3: Months With Hours
A4: =SUMIFS(KPI_DATA!$L$2:$L$2281,KPI_DATA!$J$2:$J$2281,"No. of Hours Worked [Exposure Hours]",KPI_DATA!$C$2:$C$2281,"Yes") -> 52319.95 | D4: =SUMIFS(KPI_DATA!$L$2:$L$2281,KPI_DATA!$J$2:$J$2281,"No. of Kilometres Driven",KPI_DATA!$C$2:$C$2281,"Yes") -> 16000 | G4: =SUMIFS(KPI_DATA!$L$2:$L$2281,KPI_DATA!$J$2:$J$2281,"Number of TRCs (LTI / RWC / MTC / FAT)",KPI_DATA!$C$2:$C$2281,"Yes") -> 0 | J4: =SUMIFS(KPI_DATA!$L$2:$L$2281,KPI_DATA!$J$2:$J$2281,"Number of Near-Misses",KPI_DATA!$C$2:$C$2281,"Yes") -> 0 | M4: =IFERROR(G4*1000000/A4,0) -> 0 | P4: =SUMIFS(KPI_DATA!$W$2:$W$2281,KPI_DATA!$C$2:$C$2281,"Yes")&" / "&COUNTIFS(KPI_DATA!$C$2:$C$2281,"Yes") -> 456 / 456 | S4: =COUNTIFS(KPI_DATA!$J$2:$J$2281,"No. of Hours Worked [Exposure Hours]",KPI_DATA!$L$2:$L$2281,">0",KPI_DATA!$C$2:$C$2281,"Yes") -> 9
A9: Year | B9: Active | C9: Included | D9: Hours | E9: Km | F9: Leading | G9: Lagging | H9: TRC | I9: Near Miss | J9: TRIR | L9: Year | M9: Hours | N9: Leading | O9: Lagging | Q9: Year | R9: TRIR | S9: Near Miss Rate
A10: =SETTINGS!A15 -> 2025 | B10: =INDEX(SETTINGS!$B$15:$B$24,MATCH(A10,SETTINGS!$A$15:$A$24,0)) -> Yes | C10: =INDEX(SETTINGS!$C$15:$C$24,MATCH(A10,SETTINGS!$A$15:$A$24,0)) -> Yes | D10: =IF($B10<>"Yes","",SUMIFS(KPI_DATA!$L$2:$L$2281,KPI_DATA!$A$2:$A$2281,A10,KPI_DATA!$J$2:$J$2281,"No. of Hours Worked [Exposure Hours]",KPI_DATA!$C$2:$C$2281,"Yes")) -> 39018 | E10: =IF($B10<>"Yes","",SUMIFS(KPI_DATA!$L$2:$L$2281,KPI_DATA!$A$2:$A$2281,A10,KPI_DATA!$J$2:$J$2281,"No. of Kilometres Driven",KPI_DATA!$C$2:$C$2281,"Yes")) -> 8000 | F10: =IF($B10<>"Yes","",SUMIFS(KPI_DATA!$L$2:$L$2281,KPI_DATA!$A$2:$A$2281,A10,KPI_DATA!$I$2:$I$2281,"Leading Indicators",KPI_DATA!$C$2:$C$2281,"Yes")) -> 510 | G10: =IF($B10<>"Yes","",SUMIFS(KPI_DATA!$L$2:$L$2281,KPI_DATA!$A$2:$A$2281,A10,KPI_DATA!$I$2:$I$2281,"Lagging Indicators",KPI_DATA!$C$2:$C$2281,"Yes")) -> 0 | H10: =IF($B10<>"Yes","",SUMIFS(KPI_DATA!$L$2:$L$2281,KPI_DATA!$A$2:$A$2281,A10,KPI_DATA!$J$2:$J$2281,"Number of TRCs (LTI / RWC / MTC / FAT)",KPI_DATA!$C$2:$C$2281,"Yes")) -> 0 | I10: =IF($B10<>"Yes","",SUMIFS(KPI_DATA!$L$2:$L$2281,KPI_DATA!$A$2:$A$2281,A10,KPI_DATA!$J$2:$J$2281,"Number of Near-Misses",KPI_DATA!$C$2:$C$2281,"Yes")) -> 0 | J10: =IFERROR(H10*1000000/D10,"") -> 0 | L10: =A10 -> 2025 | M10: =D10 -> 39018 | N10: =F10 -> 510 | O10: =G10 -> 0 | Q10: =A10 -> 2025 | R10: =J10 -> 0 | S10: =IFERROR(I10*1000000/D10,"") -> 0
A11: =SETTINGS!A16 -> 2026 | B11: =INDEX(SETTINGS!$B$15:$B$24,MATCH(A11,SETTINGS!$A$15:$A$24,0)) -> Yes | C11: =INDEX(SETTINGS!$C$15:$C$24,MATCH(A11,SETTINGS!$A$15:$A$24,0)) -> Yes | D11: =IF($B11<>"Yes","",SUMIFS(KPI_DATA!$L$2:$L$2281,KPI_DATA!$A$2:$A$2281,A11,KPI_DATA!$J$2:$J$2281,"No. of Hours Worked [Exposure Hours]",KPI_DATA!$C$2:$C$2281,"Yes")) -> 13301.95 | E11: =IF($B11<>"Yes","",SUMIFS(KPI_DATA!$L$2:$L$2281,KPI_DATA!$A$2:$A$2281,A11,KPI_DATA!$J$2:$J$2281,"No. of Kilometres Driven",KPI_DATA!$C$2:$C$2281,"Yes")) -> 8000 | F11: =IF($B11<>"Yes","",SUMIFS(KPI_DATA!$L$2:$L$2281,KPI_DATA!$A$2:$A$2281,A11,KPI_DATA!$I$2:$I$2281,"Leading Indicators",KPI_DATA!$C$2:$C$2281,"Yes")) -> 1027 | G11: =IF($B11<>"Yes","",SUMIFS(KPI_DATA!$L$2:$L$2281,KPI_DATA!$A$2:$A$2281,A11,KPI_DATA!$I$2:$I$2281,"Lagging Indicators",KPI_DATA!$C$2:$C$2281,"Yes")) -> 0 | H11: =IF($B11<>"Yes","",SUMIFS(KPI_DATA!$L$2:$L$2281,KPI_DATA!$A$2:$A$2281,A11,KPI_DATA!$J$2:$J$2281,"Number of TRCs (LTI / RWC / MTC / FAT)",KPI_DATA!$C$2:$C$2281,"Yes")) -> 0 | I11: =IF($B11<>"Yes","",SUMIFS(KPI_DATA!$L$2:$L$2281,KPI_DATA!$A$2:$A$2281,A11,KPI_DATA!$J$2:$J$2281,"Number of Near-Misses",KPI_DATA!$C$2:$C$2281,"Yes")) -> 0 | J11: =IFERROR(H11*1000000/D11,"") -> 0 | L11: =A11 -> 2026 | M11: =D11 -> 13301.95 | N11: =F11 -> 1027 | O11: =G11 -> 0 | Q11: =A11 -> 2026 | R11: =J11 -> 0 | S11: =IFERROR(I11*1000000/D11,"") -> 0
A12: =SETTINGS!A17 -> 2027 | B12: =INDEX(SETTINGS!$B$15:$B$24,MATCH(A12,SETTINGS!$A$15:$A$24,0)) -> No | C12: =INDEX(SETTINGS!$C$15:$C$24,MATCH(A12,SETTINGS!$A$15:$A$24,0)) -> No | D12: =IF($B12<>"Yes","",SUMIFS(KPI_DATA!$L$2:$L$2281,KPI_DATA!$A$2:$A$2281,A12,KPI_DATA!$J$2:$J$2281,"No. of Hours Worked [Exposure Hours]",KPI_DATA!$C$2:$C$2281,"Yes")) | E12: =IF($B12<>"Yes","",SUMIFS(KPI_DATA!$L$2:$L$2281,KPI_DATA!$A$2:$A$2281,A12,KPI_DATA!$J$2:$J$2281,"No. of Kilometres Driven",KPI_DATA!$C$2:$C$2281,"Yes")) | F12: =IF($B12<>"Yes","",SUMIFS(KPI_DATA!$L$2:$L$2281,KPI_DATA!$A$2:$A$2281,A12,KPI_DATA!$I$2:$I$2281,"Leading Indicators",KPI_DATA!$C$2:$C$2281,"Yes")) | G12: =IF($B12<>"Yes","",SUMIFS(KPI_DATA!$L$2:$L$2281,KPI_DATA!$A$2:$A$2281,A12,KPI_DATA!$I$2:$I$2281,"Lagging Indicators",KPI_DATA!$C$2:$C$2281,"Yes")) | H12: =IF($B12<>"Yes","",SUMIFS(KPI_DATA!$L$2:$L$2281,KPI_DATA!$A$2:$A$2281,A12,KPI_DATA!$J$2:$J$2281,"Number of TRCs (LTI / RWC / MTC / FAT)",KPI_DATA!$C$2:$C$2281,"Yes")) | I12: =IF($B12<>"Yes","",SUMIFS(KPI_DATA!$L$2:$L$2281,KPI_DATA!$A$2:$A$2281,A12,KPI_DATA!$J$2:$J$2281,"Number of Near-Misses",KPI_DATA!$C$2:$C$2281,"Yes")) | J12: =IFERROR(H12*1000000/D12,"") | L12: =A12 -> 2027 | M12: =D12 | N12: =F12 | O12: =G12 | Q12: =A12 -> 2027 | R12: =J12 | S12: =IFERROR(I12*1000000/D12,"")
A13: =SETTINGS!A18 -> 2028 | B13: =INDEX(SETTINGS!$B$15:$B$24,MATCH(A13,SETTINGS!$A$15:$A$24,0)) -> No | C13: =INDEX(SETTINGS!$C$15:$C$24,MATCH(A13,SETTINGS!$A$15:$A$24,0)) -> No | D13: =IF($B13<>"Yes","",SUMIFS(KPI_DATA!$L$2:$L$2281,KPI_DATA!$A$2:$A$2281,A13,KPI_DATA!$J$2:$J$2281,"No. of Hours Worked [Exposure Hours]",KPI_DATA!$C$2:$C$2281,"Yes")) | E13: =IF($B13<>"Yes","",SUMIFS(KPI_DATA!$L$2:$L$2281,KPI_DATA!$A$2:$A$2281,A13,KPI_DATA!$J$2:$J$2281,"No. of Kilometres Driven",KPI_DATA!$C$2:$C$2281,"Yes")) | F13: =IF($B13<>"Yes","",SUMIFS(KPI_DATA!$L$2:$L$2281,KPI_DATA!$A$2:$A$2281,A13,KPI_DATA!$I$2:$I$2281,"Leading Indicators",KPI_DATA!$C$2:$C$2281,"Yes")) | G13: =IF($B13<>"Yes","",SUMIFS(KPI_DATA!$L$2:$L$2281,KPI_DATA!$A$2:$A$2281,A13,KPI_DATA!$I$2:$I$2281,"Lagging Indicators",KPI_DATA!$C$2:$C$2281,"Yes")) | H13: =IF($B13<>"Yes","",SUMIFS(KPI_DATA!$L$2:$L$2281,KPI_DATA!$A$2:$A$2281,A13,KPI_DATA!$J$2:$J$2281,"Number of TRCs (LTI / RWC / MTC / FAT)",KPI_DATA!$C$2:$C$2281,"Yes")) | I13: =IF($B13<>"Yes","",SUMIFS(KPI_DATA!$L$2:$L$2281,KPI_DATA!$A$2:$A$2281,A13,KPI_DATA!$J$2:$J$2281,"Number of Near-Misses",KPI_DATA!$C$2:$C$2281,"Yes")) | J13: =IFERROR(H13*1000000/D13,"") | L13: =A13 -> 2028 | M13: =D13 | N13: =F13 | O13: =G13 | Q13: =A13 -> 2028 | R13: =J13 | S13: =IFERROR(I13*1000000/D13,"")
A14: =SETTINGS!A19 -> 2029 | B14: =INDEX(SETTINGS!$B$15:$B$24,MATCH(A14,SETTINGS!$A$15:$A$24,0)) -> No | C14: =INDEX(SETTINGS!$C$15:$C$24,MATCH(A14,SETTINGS!$A$15:$A$24,0)) -> No | D14: =IF($B14<>"Yes","",SUMIFS(KPI_DATA!$L$2:$L$2281,KPI_DATA!$A$2:$A$2281,A14,KPI_DATA!$J$2:$J$2281,"No. of Hours Worked [Exposure Hours]",KPI_DATA!$C$2:$C$2281,"Yes")) | E14: =IF($B14<>"Yes","",SUMIFS(KPI_DATA!$L$2:$L$2281,KPI_DATA!$A$2:$A$2281,A14,KPI_DATA!$J$2:$J$2281,"No. of Kilometres Driven",KPI_DATA!$C$2:$C$2281,"Yes")) | F14: =IF($B14<>"Yes","",SUMIFS(KPI_DATA!$L$2:$L$2281,KPI_DATA!$A$2:$A$2281,A14,KPI_DATA!$I$2:$I$2281,"Leading Indicators",KPI_DATA!$C$2:$C$2281,"Yes")) | G14: =IF($B14<>"Yes","",SUMIFS(KPI_DATA!$L$2:$L$2281,KPI_DATA!$A$2:$A$2281,A14,KPI_DATA!$I$2:$I$2281,"Lagging Indicators",KPI_DATA!$C$2:$C$2281,"Yes")) | H14: =IF($B14<>"Yes","",SUMIFS(KPI_DATA!$L$2:$L$2281,KPI_DATA!$A$2:$A$2281,A14,KPI_DATA!$J$2:$J$2281,"Number of TRCs (LTI / RWC / MTC / FAT)",KPI_DATA!$C$2:$C$2281,"Yes")) | I14: =IF($B14<>"Yes","",SUMIFS(KPI_DATA!$L$2:$L$2281,KPI_DATA!$A$2:$A$2281,A14,KPI_DATA!$J$2:$J$2281,"Number of Near-Misses",KPI_DATA!$C$2:$C$2281,"Yes")) | J14: =IFERROR(H14*1000000/D14,"") | L14: =A14 -> 2029 | M14: =D14 | N14: =F14 | O14: =G14 | Q14: =A14 -> 2029 | R14: =J14 | S14: =IFERROR(I14*1000000/D14,"")
A15: =SETTINGS!A20 -> 2030 | B15: =INDEX(SETTINGS!$B$15:$B$24,MATCH(A15,SETTINGS!$A$15:$A$24,0)) -> No | C15: =INDEX(SETTINGS!$C$15:$C$24,MATCH(A15,SETTINGS!$A$15:$A$24,0)) -> No | D15: =IF($B15<>"Yes","",SUMIFS(KPI_DATA!$L$2:$L$2281,KPI_DATA!$A$2:$A$2281,A15,KPI_DATA!$J$2:$J$2281,"No. of Hours Worked [Exposure Hours]",KPI_DATA!$C$2:$C$2281,"Yes")) | E15: =IF($B15<>"Yes","",SUMIFS(KPI_DATA!$L$2:$L$2281,KPI_DATA!$A$2:$A$2281,A15,KPI_DATA!$J$2:$J$2281,"No. of Kilometres Driven",KPI_DATA!$C$2:$C$2281,"Yes")) | F15: =IF($B15<>"Yes","",SUMIFS(KPI_DATA!$L$2:$L$2281,KPI_DATA!$A$2:$A$2281,A15,KPI_DATA!$I$2:$I$2281,"Leading Indicators",KPI_DATA!$C$2:$C$2281,"Yes")) | G15: =IF($B15<>"Yes","",SUMIFS(KPI_DATA!$L$2:$L$2281,KPI_DATA!$A$2:$A$2281,A15,KPI_DATA!$I$2:$I$2281,"Lagging Indicators",KPI_DATA!$C$2:$C$2281,"Yes")) | H15: =IF($B15<>"Yes","",SUMIFS(KPI_DATA!$L$2:$L$2281,KPI_DATA!$A$2:$A$2281,A15,KPI_DATA!$J$2:$J$2281,"Number of TRCs (LTI / RWC / MTC / FAT)",KPI_DATA!$C$2:$C$2281,"Yes")) | I15: =IF($B15<>"Yes","",SUMIFS(KPI_DATA!$L$2:$L$2281,KPI_DATA!$A$2:$A$2281,A15,KPI_DATA!$J$2:$J$2281,"Number of Near-Misses",KPI_DATA!$C$2:$C$2281,"Yes")) | J15: =IFERROR(H15*1000000/D15,"") | L15: =A15 -> 2030 | M15: =D15 | N15: =F15 | O15: =G15 | Q15: =A15 -> 2030 | R15: =J15 | S15: =IFERROR(I15*1000000/D15,"")
A16: =SETTINGS!A21 -> 2031 | B16: =INDEX(SETTINGS!$B$15:$B$24,MATCH(A16,SETTINGS!$A$15:$A$24,0)) -> No | C16: =INDEX(SETTINGS!$C$15:$C$24,MATCH(A16,SETTINGS!$A$15:$A$24,0)) -> No | D16: =IF($B16<>"Yes","",SUMIFS(KPI_DATA!$L$2:$L$2281,KPI_DATA!$A$2:$A$2281,A16,KPI_DATA!$J$2:$J$2281,"No. of Hours Worked [Exposure Hours]",KPI_DATA!$C$2:$C$2281,"Yes")) | E16: =IF($B16<>"Yes","",SUMIFS(KPI_DATA!$L$2:$L$2281,KPI_DATA!$A$2:$A$2281,A16,KPI_DATA!$J$2:$J$2281,"No. of Kilometres Driven",KPI_DATA!$C$2:$C$2281,"Yes")) | F16: =IF($B16<>"Yes","",SUMIFS(KPI_DATA!$L$2:$L$2281,KPI_DATA!$A$2:$A$2281,A16,KPI_DATA!$I$2:$I$2281,"Leading Indicators",KPI_DATA!$C$2:$C$2281,"Yes")) | G16: =IF($B16<>"Yes","",SUMIFS(KPI_DATA!$L$2:$L$2281,KPI_DATA!$A$2:$A$2281,A16,KPI_DATA!$I$2:$I$2281,"Lagging Indicators",KPI_DATA!$C$2:$C$2281,"Yes")) | H16: =IF($B16<>"Yes","",SUMIFS(KPI_DATA!$L$2:$L$2281,KPI_DATA!$A$2:$A$2281,A16,KPI_DATA!$J$2:$J$2281,"Number of TRCs (LTI / RWC / MTC / FAT)",KPI_DATA!$C$2:$C$2281,"Yes")) | I16: =IF($B16<>"Yes","",SUMIFS(KPI_DATA!$L$2:$L$2281,KPI_DATA!$A$2:$A$2281,A16,KPI_DATA!$J$2:$J$2281,"Number of Near-Misses",KPI_DATA!$C$2:$C$2281,"Yes")) | J16: =IFERROR(H16*1000000/D16,"") | L16: =A16 -> 2031 | M16: =D16 | N16: =F16 | O16: =G16 | Q16: =A16 -> 2031 | R16: =J16 | S16: =IFERROR(I16*1000000/D16,"")
A17: =SETTINGS!A22 -> 2032 | B17: =INDEX(SETTINGS!$B$15:$B$24,MATCH(A17,SETTINGS!$A$15:$A$24,0)) -> No | C17: =INDEX(SETTINGS!$C$15:$C$24,MATCH(A17,SETTINGS!$A$15:$A$24,0)) -> No | D17: =IF($B17<>"Yes","",SUMIFS(KPI_DATA!$L$2:$L$2281,KPI_DATA!$A$2:$A$2281,A17,KPI_DATA!$J$2:$J$2281,"No. of Hours Worked [Exposure Hours]",KPI_DATA!$C$2:$C$2281,"Yes")) | E17: =IF($B17<>"Yes","",SUMIFS(KPI_DATA!$L$2:$L$2281,KPI_DATA!$A$2:$A$2281,A17,KPI_DATA!$J$2:$J$2281,"No. of Kilometres Driven",KPI_DATA!$C$2:$C$2281,"Yes")) | F17: =IF($B17<>"Yes","",SUMIFS(KPI_DATA!$L$2:$L$2281,KPI_DATA!$A$2:$A$2281,A17,KPI_DATA!$I$2:$I$2281,"Leading Indicators",KPI_DATA!$C$2:$C$2281,"Yes")) | G17: =IF($B17<>"Yes","",SUMIFS(KPI_DATA!$L$2:$L$2281,KPI_DATA!$A$2:$A$2281,A17,KPI_DATA!$I$2:$I$2281,"Lagging Indicators",KPI_DATA!$C$2:$C$2281,"Yes")) | H17: =IF($B17<>"Yes","",SUMIFS(KPI_DATA!$L$2:$L$2281,KPI_DATA!$A$2:$A$2281,A17,KPI_DATA!$J$2:$J$2281,"Number of TRCs (LTI / RWC / MTC / FAT)",KPI_DATA!$C$2:$C$2281,"Yes")) | I17: =IF($B17<>"Yes","",SUMIFS(KPI_DATA!$L$2:$L$2281,KPI_DATA!$A$2:$A$2281,A17,KPI_DATA!$J$2:$J$2281,"Number of Near-Misses",KPI_DATA!$C$2:$C$2281,"Yes")) | J17: =IFERROR(H17*1000000/D17,"") | L17: =A17 -> 2032 | M17: =D17 | N17: =F17 | O17: =G17 | Q17: =A17 -> 2032 | R17: =J17 | S17: =IFERROR(I17*1000000/D17,"")
A18: =SETTINGS!A23 -> 2033 | B18: =INDEX(SETTINGS!$B$15:$B$24,MATCH(A18,SETTINGS!$A$15:$A$24,0)) -> No | C18: =INDEX(SETTINGS!$C$15:$C$24,MATCH(A18,SETTINGS!$A$15:$A$24,0)) -> No | D18: =IF($B18<>"Yes","",SUMIFS(KPI_DATA!$L$2:$L$2281,KPI_DATA!$A$2:$A$2281,A18,KPI_DATA!$J$2:$J$2281,"No. of Hours Worked [Exposure Hours]",KPI_DATA!$C$2:$C$2281,"Yes")) | E18: =IF($B18<>"Yes","",SUMIFS(KPI_DATA!$L$2:$L$2281,KPI_DATA!$A$2:$A$2281,A18,KPI_DATA!$J$2:$J$2281,"No. of Kilometres Driven",KPI_DATA!$C$2:$C$2281,"Yes")) | F18: =IF($B18<>"Yes","",SUMIFS(KPI_DATA!$L$2:$L$2281,KPI_DATA!$A$2:$A$2281,A18,KPI_DATA!$I$2:$I$2281,"Leading Indicators",KPI_DATA!$C$2:$C$2281,"Yes")) | G18: =IF($B18<>"Yes","",SUMIFS(KPI_DATA!$L$2:$L$2281,KPI_DATA!$A$2:$A$2281,A18,KPI_DATA!$I$2:$I$2281,"Lagging Indicators",KPI_DATA!$C$2:$C$2281,"Yes")) | H18: =IF($B18<>"Yes","",SUMIFS(KPI_DATA!$L$2:$L$2281,KPI_DATA!$A$2:$A$2281,A18,KPI_DATA!$J$2:$J$2281,"Number of TRCs (LTI / RWC / MTC / FAT)",KPI_DATA!$C$2:$C$2281,"Yes")) | I18: =IF($B18<>"Yes","",SUMIFS(KPI_DATA!$L$2:$L$2281,KPI_DATA!$A$2:$A$2281,A18,KPI_DATA!$J$2:$J$2281,"Number of Near-Misses",KPI_DATA!$C$2:$C$2281,"Yes")) | J18: =IFERROR(H18*1000000/D18,"") | L18: =A18 -> 2033 | M18: =D18 | N18: =F18 | O18: =G18 | Q18: =A18 -> 2033 | R18: =J18 | S18: =IFERROR(I18*1000000/D18,"")
A19: =SETTINGS!A24 -> 2034 | B19: =INDEX(SETTINGS!$B$15:$B$24,MATCH(A19,SETTINGS!$A$15:$A$24,0)) -> No | C19: =INDEX(SETTINGS!$C$15:$C$24,MATCH(A19,SETTINGS!$A$15:$A$24,0)) -> No | D19: =IF($B19<>"Yes","",SUMIFS(KPI_DATA!$L$2:$L$2281,KPI_DATA!$A$2:$A$2281,A19,KPI_DATA!$J$2:$J$2281,"No. of Hours Worked [Exposure Hours]",KPI_DATA!$C$2:$C$2281,"Yes")) | E19: =IF($B19<>"Yes","",SUMIFS(KPI_DATA!$L$2:$L$2281,KPI_DATA!$A$2:$A$2281,A19,KPI_DATA!$J$2:$J$2281,"No. of Kilometres Driven",KPI_DATA!$C$2:$C$2281,"Yes")) | F19: =IF($B19<>"Yes","",SUMIFS(KPI_DATA!$L$2:$L$2281,KPI_DATA!$A$2:$A$2281,A19,KPI_DATA!$I$2:$I$2281,"Leading Indicators",KPI_DATA!$C$2:$C$2281,"Yes")) | G19: =IF($B19<>"Yes","",SUMIFS(KPI_DATA!$L$2:$L$2281,KPI_DATA!$A$2:$A$2281,A19,KPI_DATA!$I$2:$I$2281,"Lagging Indicators",KPI_DATA!$C$2:$C$2281,"Yes")) | H19: =IF($B19<>"Yes","",SUMIFS(KPI_DATA!$L$2:$L$2281,KPI_DATA!$A$2:$A$2281,A19,KPI_DATA!$J$2:$J$2281,"Number of TRCs (LTI / RWC / MTC / FAT)",KPI_DATA!$C$2:$C$2281,"Yes")) | I19: =IF($B19<>"Yes","",SUMIFS(KPI_DATA!$L$2:$L$2281,KPI_DATA!$A$2:$A$2281,A19,KPI_DATA!$J$2:$J$2281,"Number of Near-Misses",KPI_DATA!$C$2:$C$2281,"Yes")) | J19: =IFERROR(H19*1000000/D19,"") | L19: =A19 -> 2034 | M19: =D19 | N19: =F19 | O19: =G19 | Q19: =A19 -> 2034 | R19: =J19 | S19: =IFERROR(I19*1000000/D19,"")

Sheet YEAR_COMPARISON
A1: Year Comparison | B1: Year Comparison | C1: Year Comparison | D1: Year Comparison | E1: Year Comparison | F1: Year Comparison | G1: Year Comparison | H1: Year Comparison | I1: Year Comparison | J1: Year Comparison | K1: Year Comparison | L1: Year Comparison | M1: Year Comparison | N1: Year Comparison | O1: Year Comparison | P1: Year Comparison | Q1: Year Comparison | R1: Year Comparison | S1: Year Comparison | T1: Year Comparison | U1: Year Comparison
A2: Use SETTINGS to choose the active project years and the years included in multi-year dashboard views. | B2: Use SETTINGS to choose the active project years and the years included in multi-year dashboard views. | C2: Use SETTINGS to choose the active project years and the years included in multi-year dashboard views. | D2: Use SETTINGS to choose the active project years and the years included in multi-year dashboard views. | E2: Use SETTINGS to choose the active project years and the years included in multi-year dashboard views. | F2: Use SETTINGS to choose the active project years and the years included in multi-year dashboard views. | G2: Use SETTINGS to choose the active project years and the years included in multi-year dashboard views. | H2: Use SETTINGS to choose the active project years and the years included in multi-year dashboard views. | I2: Use SETTINGS to choose the active project years and the years included in multi-year dashboard views. | J2: Use SETTINGS to choose the active project years and the years included in multi-year dashboard views. | K2: Use SETTINGS to choose the active project years and the years included in multi-year dashboard views. | L2: Use SETTINGS to choose the active project years and the years included in multi-year dashboard views. | M2: Use SETTINGS to choose the active project years and the years included in multi-year dashboard views. | N2: Use SETTINGS to choose the active project years and the years included in multi-year dashboard views. | O2: Use SETTINGS to choose the active project years and the years included in multi-year dashboard views. | P2: Use SETTINGS to choose the active project years and the years included in multi-year dashboard views. | Q2: Use SETTINGS to choose the active project years and the years included in multi-year dashboard views. | R2: Use SETTINGS to choose the active project years and the years included in multi-year dashboard views. | S2: Use SETTINGS to choose the active project years and the years included in multi-year dashboard views. | T2: Use SETTINGS to choose the active project years and the years included in multi-year dashboard views. | U2: Use SETTINGS to choose the active project years and the years included in multi-year dashboard views.
A4: Year | B4: Active | C4: Included | D4: Hours | E4: Km | F4: Leading | G4: Lagging | H4: TRC | I4: Near Miss | J4: TRIR | L4: Check | M4: Formula | N4: Result | Q4: Year | R4: TRIR | S4: Near Miss Rate
A5: =DASHBOARD!A10 -> 2025 | B5: =DASHBOARD!B10 -> Yes | C5: =DASHBOARD!C10 -> Yes | D5: =DASHBOARD!D10 -> 39018 | E5: =DASHBOARD!E10 -> 8000 | F5: =DASHBOARD!F10 -> 510 | G5: =DASHBOARD!G10 -> 0 | H5: =DASHBOARD!H10 -> 0 | ... J5: =DASHBOARD!J10 -> 0 | L5: Target completeness | M5: Targeted active KPI-months / active KPI-months | N5: =SUMIFS(KPI_DATA!$W$2:$W$2281,KPI_DATA!$C$2:$C$2281,"Yes")&" / "&COUNTIFS(KPI_DATA!$C$2:$C$2281,"Yes") -> 456 / 456 | Q5: =DASHBOARD!Q10 -> 2025 | R5: =DASHBOARD!R10 -> 0 | S5: =DASHBOARD!S10 -> 0
A6: =DASHBOARD!A11 -> 2026 | B6: =DASHBOARD!B11 -> Yes | C6: =DASHBOARD!C11 -> Yes | D6: =DASHBOARD!D11 -> 13301.95 | E6: =DASHBOARD!E11 -> 8000 | F6: =DASHBOARD!F11 -> 1027 | G6: =DASHBOARD!G11 -> 0 | H6: =DASHBOARD!H11 -> 0 | ... J6: =DASHBOARD!J11 -> 0 | L6: Active years | M6: Count of SETTINGS active years | N6: =COUNTIF(SETTINGS!$B$15:$B$24,"Yes") -> 2 | Q6: =DASHBOARD!Q11 -> 2026 | R6: =DASHBOARD!R11 -> 0 | S6: =DASHBOARD!S11 -> 0
A7: =DASHBOARD!A12 -> 2027 | B7: =DASHBOARD!B12 -> No | C7: =DASHBOARD!C12 -> No | D7: =DASHBOARD!D12 | E7: =DASHBOARD!E12 | F7: =DASHBOARD!F12 | G7: =DASHBOARD!G12 | H7: =DASHBOARD!H12 | ... J7: =DASHBOARD!J12 | L7: Included years | M7: Count of SETTINGS included years | N7: =COUNTIF(SETTINGS!$C$15:$C$24,"Yes") -> 2 | Q7: =DASHBOARD!Q12 -> 2027 | R7: =DASHBOARD!R12 | S7: =DASHBOARD!S12
A8: =DASHBOARD!A13 -> 2028 | B8: =DASHBOARD!B13 -> No | C8: =DASHBOARD!C13 -> No | D8: =DASHBOARD!D13 | E8: =DASHBOARD!E13 | F8: =DASHBOARD!F13 | G8: =DASHBOARD!G13 | H8: =DASHBOARD!H13 | ... J8: =DASHBOARD!J13 | L8: Total project months | M8: Active years * 12 | N8: =COUNTIF(SETTINGS!$B$15:$B$24,"Yes")*12 -> 24 | Q8: =DASHBOARD!Q13 -> 2028 | R8: =DASHBOARD!R13 | S8: =DASHBOARD!S13
A9: =DASHBOARD!A14 -> 2029 | B9: =DASHBOARD!B14 -> No | C9: =DASHBOARD!C14 -> No | D9: =DASHBOARD!D14 | E9: =DASHBOARD!E14 | F9: =DASHBOARD!F14 | G9: =DASHBOARD!G14 | H9: =DASHBOARD!H14 | ... J9: =DASHBOARD!J14 | L9: Data months with hours | M9: Months where exposure hours > 0 | N9: =COUNTIFS(KPI_DATA!$J$2:$J$2281,"No. of Hours Worked [Exposure Hours]",KPI_DATA!$L$2:$L$2281,">0",KPI_DATA!$C$2:$C$2281,"Yes") -> 9 | Q9: =DASHBOARD!Q14 -> 2029 | R9: =DASHBOARD!R14 | S9: =DASHBOARD!S14
A10: =DASHBOARD!A15 -> 2030 | B10: =DASHBOARD!B15 -> No | C10: =DASHBOARD!C15 -> No | D10: =DASHBOARD!D15 | E10: =DASHBOARD!E15 | F10: =DASHBOARD!F15 | G10: =DASHBOARD!G15 | H10: =DASHBOARD!H15 | ... J10: =DASHBOARD!J15 | Q10: =DASHBOARD!Q15 -> 2030 | R10: =DASHBOARD!R15 | S10: =DASHBOARD!S15
A11: =DASHBOARD!A16 -> 2031 | B11: =DASHBOARD!B16 -> No | C11: =DASHBOARD!C16 -> No | D11: =DASHBOARD!D16 | E11: =DASHBOARD!E16 | F11: =DASHBOARD!F16 | G11: =DASHBOARD!G16 | H11: =DASHBOARD!H16 | ... J11: =DASHBOARD!J16 | Q11: =DASHBOARD!Q16 -> 2031 | R11: =DASHBOARD!R16 | S11: =DASHBOARD!S16
A12: =DASHBOARD!A17 -> 2032 | B12: =DASHBOARD!B17 -> No | C12: =DASHBOARD!C17 -> No | D12: =DASHBOARD!D17 | E12: =DASHBOARD!E17 | F12: =DASHBOARD!F17 | G12: =DASHBOARD!G17 | H12: =DASHBOARD!H17 | ... J12: =DASHBOARD!J17 | Q12: =DASHBOARD!Q17 -> 2032 | R12: =DASHBOARD!R17 | S12: =DASHBOARD!S17
A13: =DASHBOARD!A18 -> 2033 | B13: =DASHBOARD!B18 -> No | C13: =DASHBOARD!C18 -> No | D13: =DASHBOARD!D18 | E13: =DASHBOARD!E18 | F13: =DASHBOARD!F18 | G13: =DASHBOARD!G18 | H13: =DASHBOARD!H18 | ... J13: =DASHBOARD!J18 | Q13: =DASHBOARD!Q18 -> 2033 | R13: =DASHBOARD!R18 | S13: =DASHBOARD!S18
A14: =DASHBOARD!A19 -> 2034 | B14: =DASHBOARD!B19 -> No | C14: =DASHBOARD!C19 -> No | D14: =DASHBOARD!D19 | E14: =DASHBOARD!E19 | F14: =DASHBOARD!F19 | G14: =DASHBOARD!G19 | H14: =DASHBOARD!H19 | ... J14: =DASHBOARD!J19 | Q14: =DASHBOARD!Q19 -> 2034 | R14: =DASHBOARD!R19 | S14: =DASHBOARD!S19

Sheet 2026
A1: HSE KPI | B1: HSE KPI | C1: HSE KPI | D1: HSE KPI | E1: HSE KPI | F1: HSE KPI | G1: HSE KPI
A2: Monthly HSE KPI source sheet for 2026 | B2: Monthly HSE KPI source sheet for 2027 | C2: Monthly HSE KPI source sheet for 2027 | D2: Monthly HSE KPI source sheet for 2027 | E2: Monthly HSE KPI source sheet for 2027 | F2: Monthly HSE KPI source sheet for 2027 | G2: Monthly HSE KPI source sheet for 2027
A4: Year | B4: 2026
E6: Input values in MA, YTD, & PTD cells only.
A7: Reporting Month | B7: January
A8: No. | B8: Parameter | C8: Unit | D8: Monthly Actual | E8: YTD | F8: Project to Date | G8: Remark
A9: 1 | B9: Exposure Hours / Vehicles | C9: No. | D9: 0 | E9: 0 | F9: 222
A10: 1.1 | B10: No. of Hours Worked [Exposure Hours] | C10: Hours | D10: 0 | E10: 0 | F10: 39018
A11: 1.2 | B11: No. of Kilometres Driven | C11: Km | D11: 8000
A12: 2 | B12: Lagging Indicators
A13: 2.1 | B13: Incidents / Accidents (Per Occurrence) | C13: No. | D13: 0
A14: 2.2 | B14: Number of Near-Misses | C14: No. | D14: 0
A15: 2.3 | B15: High Potential Incidents | C15: No. | D15: 0
A16: 2.4 | B16: Life Saving Rule (LSR) Violations | C16: No. | D16: 0
A17: 2.5 | B17: Number of TRCs (LTI / RWC / MTC / FAT) | C17: No. | D17: 0
A18: 2.6 | B18: Severe Motor Vehicle Incidents (MVI) | C18: No. | D18: 0
A19: 3 | B19: Leading Indicators
A20: 3.1 | B20: Site Observations / Unsafe Acts / Conditions | C20: No. | D20: 55
A21: 3.2 | B21: Site Inspections | C21: No. | D21: 4
A22: 3.3 | B22: Site HSE Meetings | C22: No. | D22: 4
A23: 3.4 | B23: Site Toolbox Talks | C23: No. | D23: 20
A24: 3.5 | B24: Management Visits / Walk-around | C24: No. | D24: 4
A25: 3.6 | B25: HSE Training (No. and Participants) | C25: No. | D25: 8
A26: 3.7 | B26: Site HSE Reward / Recognition | C26: No. | D26: 1
A27: 4 | B27: Others
A28: 4.1 | B28: Community / Public Complaints Received | C28: No. | D28: 0
A29: 4.2 | B29: Learning from Incidents (LFI) shared | C29: No. | D29: 1
A30: 4.3 | B30: GCP / AIP and close open actions | C30: Quarterly | D30: 1
A31: Reporting Month | B31: February
A32: No. | B32: Parameter | C32: Unit | D32: Monthly Actual | E32: YTD | F32: Project to Date | G32: Remark
A33: 1 | B33: Exposure Hours / Vehicles | C33: No. | D33: 0 | E33: 0 | F33: 0
A34: 1.1 | B34: No. of Hours Worked [Exposure Hours] | C34: Hours | D34: 2400 | E34: 2400 | F34: =39018+2400 -> 41418
A35: 1.2 | B35: No. of Kilometres Driven | C35: Km | D35: 0
A36: 2 | B36: Lagging Indicators
A37: 2.1 | B37: Incidents / Accidents (Per Occurrence) | C37: No. | D37: 0
A38: 2.2 | B38: Number of Near-Misses | C38: No. | D38: 0
A39: 2.3 | B39: High Potential Incidents | C39: No. | D39: 0
A40: 2.4 | B40: Life Saving Rule (LSR) Violations | C40: No. | D40: 0
A41: 2.5 | B41: Number of TRCs (LTI / RWC / MTC / FAT) | C41: No. | D41: 0
A42: 2.6 | B42: Severe Motor Vehicle Incidents (MVI) | C42: No. | D42: 0
A43: 3 | B43: Leading Indicators
A44: 3.1 | B44: Site Observations / Unsafe Acts / Conditions | C44: No. | D44: 31 | E44: 31 | F44: =222+31 -> 253
A45: 3.2 | B45: Site Inspections | C45: No. | D45: 4
A46: 3.3 | B46: Site HSE Meetings | C46: No. | D46: 4
A47: 3.4 | B47: Site Toolbox Talks | C47: No. | D47: 20
A48: 3.5 | B48: Management Visits / Walk-around | C48: No. | D48: 4
A49: 3.6 | B49: HSE Training (No. and Participants) | C49: No. | D49: 8
A50: 3.7 | B50: Site HSE Reward / Recognition | C50: No. | D50: 1
A51: 4 | B51: Others
A52: 4.1 | B52: Community / Public Complaints Received | C52: No. | D52: 0
A53: 4.2 | B53: Learning from Incidents (LFI) shared | C53: No. | D53: 1
A54: 4.3 | B54: GCP / AIP and close open actions | C54: Quarterly | D54: 1
A55: Reporting Month | B55: March
A56: No. | B56: Parameter | C56: Unit | D56: Monthly Actual | E56: YTD | F56: Project to Date | G56: Remark
A57: 1 | B57: Exposure Hours / Vehicles | C57: No. | D57: 0 | E57: 0 | F57: 0
A58: 1.1 | B58: No. of Hours Worked [Exposure Hours] | C58: Hours | D58: 4859.95 | E58: =2400+4859.95 -> 7259.95 | F58: =41418+4859.95 -> 46277.95
A59: 1.2 | B59: No. of Kilometres Driven | C59: Km | D59: 0
A60: 2 | B60: Lagging Indicators
A61: 2.1 | B61: Incidents / Accidents (Per Occurrence) | C61: No. | D61: 0
A62: 2.2 | B62: Number of Near-Misses | C62: No. | D62: 0
A63: 2.3 | B63: High Potential Incidents | C63: No. | D63: 0
A64: 2.4 | B64: Life Saving Rule (LSR) Violations | C64: No. | D64: 0
A65: 2.5 | B65: Number of TRCs (LTI / RWC / MTC / FAT) | C65: No. | D65: 0
A66: 2.6 | B66: Severe Motor Vehicle Incidents (MVI) | C66: No. | D66: 0
A67: 3 | B67: Leading Indicators
A68: 3.1 | B68: Site Observations / Unsafe Acts / Conditions | C68: No. | D68: 28 | E68: =31+28 -> 59 | F68: =253+28 -> 281
A69: 3.2 | B69: Site Inspections | C69: No. | D69: 4
A70: 3.3 | B70: Site HSE Meetings | C70: No. | D70: 4
A71: 3.4 | B71: Site Toolbox Talks | C71: No. | D71: 20
A72: 3.5 | B72: Management Visits / Walk-around | C72: No. | D72: 4
A73: 3.6 | B73: HSE Training (No. and Participants) | C73: No. | D73: 8
A74: 3.7 | B74: Site HSE Reward / Recognition | C74: No. | D74: 1
A75: 4 | B75: Others
A76: 4.1 | B76: Community / Public Complaints Received | C76: No. | D76: 0
A77: 4.2 | B77: Learning from Incidents (LFI) shared | C77: No. | D77: 1
A78: 4.3 | B78: GCP / AIP and close open actions | C78: Quarterly | D78: 1
A79: Reporting Month | B79: April
A80: No. | B80: Parameter | C80: Unit | D80: Monthly Actual | E80: YTD | F80: Project to Date | G80: Remark
A81: 1 | B81: Exposure Hours / Vehicles | C81: No. | D81: 0 | E81: 0 | F81: 0
A82: 1.1 | B82: No. of Hours Worked [Exposure Hours] | C82: Hours | D82: 6042 | E82: =7259.95+6042 -> 13301.95 | F82: =46277.95+6042 -> 52319.95
A83: 1.2 | B83: No. of Kilometres Driven | C83: Km | D83: 0
A84: 2 | B84: Lagging Indicators
A85: 2.1 | B85: Incidents / Accidents (Per Occurrence) | C85: No. | D85: 0
A86: 2.2 | B86: Number of Near-Misses | C86: No. | D86: 0
A87: 2.3 | B87: High Potential Incidents | C87: No. | D87: 0
A88: 2.4 | B88: Life Saving Rule (LSR) Violations | C88: No. | D88: 0
A89: 2.5 | B89: Number of TRCs (LTI / RWC / MTC / FAT) | C89: No. | D89: 0
A90: 2.6 | B90: Severe Motor Vehicle Incidents (MVI) | C90: No. | D90: 0
A91: 3 | B91: Leading Indicators
A92: 3.1 | B92: Site Observations / Unsafe Acts / Conditions | C92: No. | D92: =25+11 -> 36 | E92: =59+36 -> 95 | F92: =281+36 -> 317
A93: 3.2 | B93: Site Inspections | C93: No. | D93: 4
A94: 3.3 | B94: Site HSE Meetings | C94: No. | D94: 4
A95: 3.4 | B95: Site Toolbox Talks | C95: No. | D95: 20
A96: 3.5 | B96: Management Visits / Walk-around | C96: No. | D96: 4
A97: 3.6 | B97: HSE Training (No. and Participants) | C97: No. | D97: 8
A98: 3.7 | B98: Site HSE Reward / Recognition | C98: No. | D98: 1
A99: 4 | B99: Others
A100: 4.1 | B100: Community / Public Complaints Received | C100: No. | D100: 0
A101: 4.2 | B101: Learning from Incidents (LFI) shared | C101: No. | D101: 1
A102: 4.3 | B102: GCP / AIP and close open actions | C102: Quarterly | D102: 1
...

Sheet 2025
A1: HSE KPI | B1: HSE KPI | C1: HSE KPI | D1: HSE KPI | E1: HSE KPI | F1: HSE KPI | G1: HSE KPI
A2: Monthly HSE KPI source sheet for 2025 | B2: Monthly HSE KPI source sheet for 2027 | C2: Monthly HSE KPI source sheet for 2027 | D2: Monthly HSE KPI source sheet for 2027 | E2: Monthly HSE KPI source sheet for 2027 | F2: Monthly HSE KPI source sheet for 2027 | G2: Monthly HSE KPI source sheet for 2027
A4: Year | B4: 2025
E6: Input values in MA, YTD, & PTD cells only.
A7: Reporting Month | B7: January
A8: No. | B8: Parameter | C8: Unit | D8: Monthly Actual | E8: YTD | F8: Project to Date | G8: Remark
A9: 1 | B9: Exposure Hours / Vehicles | C9: No. | D9: 0 | E9: 0 | F9: 0
A10: 1.1 | B10: No. of Hours Worked [Exposure Hours] | C10: Hours | D10: 0 | E10: 0 | F10: 0
A11: 1.2 | B11: No. of Kilometres Driven | C11: Km | D11: 0
A12: 2 | B12: Lagging Indicators
A13: 2.1 | B13: Incidents / Accidents (Per Occurrence) | C13: No. | D13: 0
A14: 2.2 | B14: Number of Near-Misses | C14: No. | D14: 0
A15: 2.3 | B15: High Potential Incidents | C15: No. | D15: 0
A16: 2.4 | B16: Life Saving Rule (LSR) Violations | C16: No. | D16: 0
A17: 2.5 | B17: Number of TRCs (LTI / RWC / MTC / FAT) | C17: No. | D17: 0
A18: 2.6 | B18: Severe Motor Vehicle Incidents (MVI) | C18: No. | D18: 0
A19: 3 | B19: Leading Indicators
A20: 3.1 | B20: Site Observations / Unsafe Acts / Conditions | C20: No. | D20: 0
A21: 3.2 | B21: Site Inspections | C21: No. | D21: 0
A22: 3.3 | B22: Site HSE Meetings | C22: No. | D22: 0
A23: 3.4 | B23: Site Toolbox Talks | C23: No. | D23: 0
A24: 3.5 | B24: Management Visits / Walk-around | C24: No. | D24: 0
A25: 3.6 | B25: HSE Training (No. and Participants) | C25: No. | D25: 0
A26: 3.7 | B26: Site HSE Reward / Recognition | C26: No. | D26: 0
A27: 4 | B27: Others
A28: 4.1 | B28: Community / Public Complaints Received | C28: No. | D28: 0
A29: 4.2 | B29: Learning from Incidents (LFI) shared | C29: No. | D29: 0
A30: 4.3 | B30: GCP / AIP and close open actions | C30: Quarterly | D30: 0
A31: Reporting Month | B31: February
A32: No. | B32: Parameter | C32: Unit | D32: Monthly Actual | E32: YTD | F32: Project to Date | G32: Remark
A33: 1 | B33: Exposure Hours / Vehicles | C33: No. | D33: 0 | E33: 0 | F33: 0
A34: 1.1 | B34: No. of Hours Worked [Exposure Hours] | C34: Hours | D34: 0 | E34: 0 | F34: 0
A35: 1.2 | B35: No. of Kilometres Driven | C35: Km | D35: 0
A36: 2 | B36: Lagging Indicators
A37: 2.1 | B37: Incidents / Accidents (Per Occurrence) | C37: No. | D37: 0
A38: 2.2 | B38: Number of Near-Misses | C38: No. | D38: 0
A39: 2.3 | B39: High Potential Incidents | C39: No. | D39: 0
A40: 2.4 | B40: Life Saving Rule (LSR) Violations | C40: No. | D40: 0
A41: 2.5 | B41: Number of TRCs (LTI / RWC / MTC / FAT) | C41: No. | D41: 0
A42: 2.6 | B42: Severe Motor Vehicle Incidents (MVI) | C42: No. | D42: 0
A43: 3 | B43: Leading Indicators
A44: 3.1 | B44: Site Observations / Unsafe Acts / Conditions | C44: No. | D44: 0
A45: 3.2 | B45: Site Inspections | C45: No. | D45: 0
A46: 3.3 | B46: Site HSE Meetings | C46: No. | D46: 0
A47: 3.4 | B47: Site Toolbox Talks | C47: No. | D47: 0
A48: 3.5 | B48: Management Visits / Walk-around | C48: No. | D48: 0
A49: 3.6 | B49: HSE Training (No. and Participants) | C49: No. | D49: 0
A50: 3.7 | B50: Site HSE Reward / Recognition | C50: No. | D50: 0
A51: 4 | B51: Others
A52: 4.1 | B52: Community / Public Complaints Received | C52: No. | D52: 0
A53: 4.2 | B53: Learning from Incidents (LFI) shared | C53: No. | D53: 0
A54: 4.3 | B54: GCP / AIP and close open actions | C54: Quarterly | D54: 0
A55: Reporting Month | B55: March
A56: No. | B56: Parameter | C56: Unit | D56: Monthly Actual | E56: YTD | F56: Project to Date | G56: Remark
A57: 1 | B57: Exposure Hours / Vehicles | C57: No. | D57: 0 | E57: 0 | F57: 0
A58: 1.1 | B58: No. of Hours Worked [Exposure Hours] | C58: Hours | D58: 0 | E58: 0 | F58: 0
A59: 1.2 | B59: No. of Kilometres Driven | C59: Km | D59: 0
A60: 2 | B60: Lagging Indicators
A61: 2.1 | B61: Incidents / Accidents (Per Occurrence) | C61: No. | D61: 0
A62: 2.2 | B62: Number of Near-Misses | C62: No. | D62: 0
A63: 2.3 | B63: High Potential Incidents | C63: No. | D63: 0
A64: 2.4 | B64: Life Saving Rule (LSR) Violations | C64: No. | D64: 0
A65: 2.5 | B65: Number of TRCs (LTI / RWC / MTC / FAT) | C65: No. | D65: 0
A66: 2.6 | B66: Severe Motor Vehicle Incidents (MVI) | C66: No. | D66: 0
A67: 3 | B67: Leading Indicators
A68: 3.1 | B68: Site Observations / Unsafe Acts / Conditions | C68: No. | D68: 0
A69: 3.2 | B69: Site Inspections | C69: No. | D69: 0
A70: 3.3 | B70: Site HSE Meetings | C70: No. | D70: 0
A71: 3.4 | B71: Site Toolbox Talks | C71: No. | D71: 0
A72: 3.5 | B72: Management Visits / Walk-around | C72: No. | D72: 0
A73: 3.6 | B73: HSE Training (No. and Participants) | C73: No. | D73: 0
A74: 3.7 | B74: Site HSE Reward / Recognition | C74: No. | D74: 0
A75: 4 | B75: Others
A76: 4.1 | B76: Community / Public Complaints Received | C76: No. | D76: 0
A77: 4.2 | B77: Learning from Incidents (LFI) shared | C77: No. | D77: 0
A78: 4.3 | B78: GCP / AIP and close open actions | C78: Quarterly | D78: 0
A79: Reporting Month | B79: April
A80: No. | B80: Parameter | C80: Unit | D80: Monthly Actual | E80: YTD | F80: Project to Date | G80: Remark
A81: 1 | B81: Exposure Hours / Vehicles | C81: No. | D81: 0 | E81: 0 | F81: 0
A82: 1.1 | B82: No. of Hours Worked [Exposure Hours] | C82: Hours | D82: 0 | E82: 0 | F82: 0
A83: 1.2 | B83: No. of Kilometres Driven | C83: Km | D83: 0
A84: 2 | B84: Lagging Indicators
A85: 2.1 | B85: Incidents / Accidents (Per Occurrence) | C85: No. | D85: 0
A86: 2.2 | B86: Number of Near-Misses | C86: No. | D86: 0
A87: 2.3 | B87: High Potential Incidents | C87: No. | D87: 0
A88: 2.4 | B88: Life Saving Rule (LSR) Violations | C88: No. | D88: 0
A89: 2.5 | B89: Number of TRCs (LTI / RWC / MTC / FAT) | C89: No. | D89: 0
A90: 2.6 | B90: Severe Motor Vehicle Incidents (MVI) | C90: No. | D90: 0
A91: 3 | B91: Leading Indicators
A92: 3.1 | B92: Site Observations / Unsafe Acts / Conditions | C92: No. | D92: 0
A93: 3.2 | B93: Site Inspections | C93: No. | D93: 0
A94: 3.3 | B94: Site HSE Meetings | C94: No. | D94: 0
A95: 3.4 | B95: Site Toolbox Talks | C95: No. | D95: 0
A96: 3.5 | B96: Management Visits / Walk-around | C96: No. | D96: 0
A97: 3.6 | B97: HSE Training (No. and Participants) | C97: No. | D97: 0
A98: 3.7 | B98: Site HSE Reward / Recognition | C98: No. | D98: 0
A99: 4 | B99: Others
A100: 4.1 | B100: Community / Public Complaints Received | C100: No. | D100: 0
A101: 4.2 | B101: Learning from Incidents (LFI) shared | C101: No. | D101: 0
A102: 4.3 | B102: GCP / AIP and close open actions | C102: Quarterly | D102: 0
...

Sheet LISTS
A1: Status | B1: Month | C1: Dashboard Category | D1: Yes/No | E1: View | F1: Year Scope | G1: Direction | H1: Data Flag
A2: Green | B2: All | C2: All | D2: Yes | E2: Monthly | F2: Selected Year | G2: Higher is better | H2: OK
A3: Amber | B3: January | C3: Exposure | D3: No | E3: YTD | F3: Included Years | G3: Lower is better | H3: Missing target
A4: Red | B4: February | C4: Lagging Indicators | E4: Full Year | F4: All Active Years | H4: Inactive
A5: Target Needed | B5: March | C5: Leading Indicators | E5: Project to Date
B6: April | C6: Others
B7: May
B8: June
B9: July
B10: August
B11: September
B12: October
B13: November
B14: December

Sheet 2027
A1: HSE KPI | B1: HSE KPI | C1: HSE KPI | D1: HSE KPI | E1: HSE KPI | F1: HSE KPI | G1: HSE KPI
A2: Monthly HSE KPI source sheet for 2027 | B2: Monthly HSE KPI source sheet for 2027 | C2: Monthly HSE KPI source sheet for 2027 | D2: Monthly HSE KPI source sheet for 2027 | E2: Monthly HSE KPI source sheet for 2027 | F2: Monthly HSE KPI source sheet for 2027 | G2: Monthly HSE KPI source sheet for 2027
A4: Year | B4: 2027
E6: Input values in MA, YTD, & PTD cells only.
A7: Reporting Month | B7: January
A8: No. | B8: Parameter | C8: Unit | D8: Monthly Actual | E8: YTD | F8: Project to Date | G8: Remark
A9: 1 | B9: Exposure Hours / Vehicles | C9: No. | D9: 0 | E9: =SUM(D9) -> 0 | F9: =E9 -> 0
A10: 1.1 | B10: No. of Hours Worked [Exposure Hours] | C10: Hours | D10: 0 | E10: =SUM(D10) -> 0 | F10: =E10 -> 0
A11: 1.2 | B11: No. of Kilometres Driven | C11: Km | D11: 0 | E11: =SUM(D11) -> 0 | F11: =E11 -> 0
A12: 2 | B12: Lagging Indicators
A13: 2.1 | B13: Incidents / Accidents (Per Occurrence) | C13: No. | D13: 0 | E13: =SUM(D13) -> 0 | F13: =E13 -> 0
A14: 2.2 | B14: Number of Near-Misses | C14: No. | D14: 0 | E14: =SUM(D14) -> 0 | F14: =E14 -> 0
A15: 2.3 | B15: High Potential Incidents | C15: No. | D15: 0 | E15: =SUM(D15) -> 0 | F15: =E15 -> 0
A16: 2.4 | B16: Life Saving Rule (LSR) Violations | C16: No. | D16: 0 | E16: =SUM(D16) -> 0 | F16: =E16 -> 0
A17: 2.5 | B17: Number of TRCs (LTI / RWC / MTC / FAT) | C17: No. | D17: 0 | E17: =SUM(D17) -> 0 | F17: =E17 -> 0
A18: 2.6 | B18: Severe Motor Vehicle Incidents (MVI) | C18: No. | D18: 0 | E18: =SUM(D18) -> 0 | F18: =E18 -> 0
A19: 3 | B19: Leading Indicators
A20: 3.1 | B20: Site Observations / Unsafe Acts / Conditions | C20: No. | D20: 0 | E20: =SUM(D20) -> 0 | F20: =E20 -> 0
A21: 3.2 | B21: Site Inspections | C21: No. | D21: 0 | E21: =SUM(D21) -> 0 | F21: =E21 -> 0
A22: 3.3 | B22: Site HSE Meetings | C22: No. | D22: 0 | E22: =SUM(D22) -> 0 | F22: =E22 -> 0
A23: 3.4 | B23: Site Toolbox Talks | C23: No. | D23: 0 | E23: =SUM(D23) -> 0 | F23: =E23 -> 0
A24: 3.5 | B24: Management Visits / Walk-around | C24: No. | D24: 0 | E24: =SUM(D24) -> 0 | F24: =E24 -> 0
A25: 3.6 | B25: HSE Training (No. and Participants) | C25: No. | D25: 0 | E25: =SUM(D25) -> 0 | F25: =E25 -> 0
A26: 3.7 | B26: Site HSE Reward / Recognition | C26: No. | D26: 0 | E26: =SUM(D26) -> 0 | F26: =E26 -> 0
A27: 4 | B27: Others
A28: 4.1 | B28: Community / Public Complaints Received | C28: No. | D28: 0 | E28: =SUM(D28) -> 0 | F28: =E28 -> 0
A29: 4.2 | B29: Learning from Incidents (LFI) shared | C29: No. | D29: 0 | E29: =SUM(D29) -> 0 | F29: =E29 -> 0
A30: 4.3 | B30: GCP / AIP and close open actions | C30: Quarterly | D30: 0 | E30: =SUM(D30) -> 0 | F30: =E30 -> 0
A31: Reporting Month | B31: February
A32: No. | B32: Parameter | C32: Unit | D32: Monthly Actual | E32: YTD | F32: Project to Date | G32: Remark
A33: 1 | B33: Exposure Hours / Vehicles | C33: No. | D33: 0 | E33: =SUM(D9,D33) -> 0 | F33: =E33 -> 0
A34: 1.1 | B34: No. of Hours Worked [Exposure Hours] | C34: Hours | D34: 0 | E34: =SUM(D10,D34) -> 0 | F34: =E34 -> 0
A35: 1.2 | B35: No. of Kilometres Driven | C35: Km | D35: 0 | E35: =SUM(D11,D35) -> 0 | F35: =E35 -> 0
A36: 2 | B36: Lagging Indicators
A37: 2.1 | B37: Incidents / Accidents (Per Occurrence) | C37: No. | D37: 0 | E37: =SUM(D13,D37) -> 0 | F37: =E37 -> 0
A38: 2.2 | B38: Number of Near-Misses | C38: No. | D38: 0 | E38: =SUM(D14,D38) -> 0 | F38: =E38 -> 0
A39: 2.3 | B39: High Potential Incidents | C39: No. | D39: 0 | E39: =SUM(D15,D39) -> 0 | F39: =E39 -> 0
A40: 2.4 | B40: Life Saving Rule (LSR) Violations | C40: No. | D40: 0 | E40: =SUM(D16,D40) -> 0 | F40: =E40 -> 0
A41: 2.5 | B41: Number of TRCs (LTI / RWC / MTC / FAT) | C41: No. | D41: 0 | E41: =SUM(D17,D41) -> 0 | F41: =E41 -> 0
A42: 2.6 | B42: Severe Motor Vehicle Incidents (MVI) | C42: No. | D42: 0 | E42: =SUM(D18,D42) -> 0 | F42: =E42 -> 0
A43: 3 | B43: Leading Indicators
A44: 3.1 | B44: Site Observations / Unsafe Acts / Conditions | C44: No. | D44: 0 | E44: =SUM(D20,D44) -> 0 | F44: =E44 -> 0
A45: 3.2 | B45: Site Inspections | C45: No. | D45: 0 | E45: =SUM(D21,D45) -> 0 | F45: =E45 -> 0
A46: 3.3 | B46: Site HSE Meetings | C46: No. | D46: 0 | E46: =SUM(D22,D46) -> 0 | F46: =E46 -> 0
A47: 3.4 | B47: Site Toolbox Talks | C47: No. | D47: 0 | E47: =SUM(D23,D47) -> 0 | F47: =E47 -> 0
A48: 3.5 | B48: Management Visits / Walk-around | C48: No. | D48: 0 | E48: =SUM(D24,D48) -> 0 | F48: =E48 -> 0
A49: 3.6 | B49: HSE Training (No. and Participants) | C49: No. | D49: 0 | E49: =SUM(D25,D49) -> 0 | F49: =E49 -> 0
A50: 3.7 | B50: Site HSE Reward / Recognition | C50: No. | D50: 0 | E50: =SUM(D26,D50) -> 0 | F50: =E50 -> 0
A51: 4 | B51: Others
A52: 4.1 | B52: Community / Public Complaints Received | C52: No. | D52: 0 | E52: =SUM(D28,D52) -> 0 | F52: =E52 -> 0
A53: 4.2 | B53: Learning from Incidents (LFI) shared | C53: No. | D53: 0 | E53: =SUM(D29,D53) -> 0 | F53: =E53 -> 0
A54: 4.3 | B54: GCP / AIP and close open actions | C54: Quarterly | D54: 0 | E54: =SUM(D30,D54) -> 0 | F54: =E54 -> 0
A55: Reporting Month | B55: March
A56: No. | B56: Parameter | C56: Unit | D56: Monthly Actual | E56: YTD | F56: Project to Date | G56: Remark
A57: 1 | B57: Exposure Hours / Vehicles | C57: No. | D57: 0 | E57: =SUM(D9,D33,D57) -> 0 | F57: =E57 -> 0
A58: 1.1 | B58: No. of Hours Worked [Exposure Hours] | C58: Hours | D58: 0 | E58: =SUM(D10,D34,D58) -> 0 | F58: =E58 -> 0
A59: 1.2 | B59: No. of Kilometres Driven | C59: Km | D59: 0 | E59: =SUM(D11,D35,D59) -> 0 | F59: =E59 -> 0
A60: 2 | B60: Lagging Indicators
A61: 2.1 | B61: Incidents / Accidents (Per Occurrence) | C61: No. | D61: 0 | E61: =SUM(D13,D37,D61) -> 0 | F61: =E61 -> 0
A62: 2.2 | B62: Number of Near-Misses | C62: No. | D62: 0 | E62: =SUM(D14,D38,D62) -> 0 | F62: =E62 -> 0
A63: 2.3 | B63: High Potential Incidents | C63: No. | D63: 0 | E63: =SUM(D15,D39,D63) -> 0 | F63: =E63 -> 0
A64: 2.4 | B64: Life Saving Rule (LSR) Violations | C64: No. | D64: 0 | E64: =SUM(D16,D40,D64) -> 0 | F64: =E64 -> 0
A65: 2.5 | B65: Number of TRCs (LTI / RWC / MTC / FAT) | C65: No. | D65: 0 | E65: =SUM(D17,D41,D65) -> 0 | F65: =E65 -> 0
A66: 2.6 | B66: Severe Motor Vehicle Incidents (MVI) | C66: No. | D66: 0 | E66: =SUM(D18,D42,D66) -> 0 | F66: =E66 -> 0
A67: 3 | B67: Leading Indicators
A68: 3.1 | B68: Site Observations / Unsafe Acts / Conditions | C68: No. | D68: 0 | E68: =SUM(D20,D44,D68) -> 0 | F68: =E68 -> 0
A69: 3.2 | B69: Site Inspections | C69: No. | D69: 0 | E69: =SUM(D21,D45,D69) -> 0 | F69: =E69 -> 0
A70: 3.3 | B70: Site HSE Meetings | C70: No. | D70: 0 | E70: =SUM(D22,D46,D70) -> 0 | F70: =E70 -> 0
A71: 3.4 | B71: Site Toolbox Talks | C71: No. | D71: 0 | E71: =SUM(D23,D47,D71) -> 0 | F71: =E71 -> 0
A72: 3.5 | B72: Management Visits / Walk-around | C72: No. | D72: 0 | E72: =SUM(D24,D48,D72) -> 0 | F72: =E72 -> 0
A73: 3.6 | B73: HSE Training (No. and Participants) | C73: No. | D73: 0 | E73: =SUM(D25,D49,D73) -> 0 | F73: =E73 -> 0
A74: 3.7 | B74: Site HSE Reward / Recognition | C74: No. | D74: 0 | E74: =SUM(D26,D50,D74) -> 0 | F74: =E74 -> 0
A75: 4 | B75: Others
A76: 4.1 | B76: Community / Public Complaints Received | C76: No. | D76: 0 | E76: =SUM(D28,D52,D76) -> 0 | F76: =E76 -> 0
A77: 4.2 | B77: Learning from Incidents (LFI) shared | C77: No. | D77: 0 | E77: =SUM(D29,D53,D77) -> 0 | F77: =E77 -> 0
A78: 4.3 | B78: GCP / AIP and close open actions | C78: Quarterly | D78: 0 | E78: =SUM(D30,D54,D78) -> 0 | F78: =E78 -> 0
A79: Reporting Month | B79: April
A80: No. | B80: Parameter | C80: Unit | D80: Monthly Actual | E80: YTD | F80: Project to Date | G80: Remark
A81: 1 | B81: Exposure Hours / Vehicles | C81: No. | D81: 0 | E81: =SUM(D9,D33,D57,D81) -> 0 | F81: =E81 -> 0
A82: 1.1 | B82: No. of Hours Worked [Exposure Hours] | C82: Hours | D82: 0 | E82: =SUM(D10,D34,D58,D82) -> 0 | F82: =E82 -> 0
A83: 1.2 | B83: No. of Kilometres Driven | C83: Km | D83: 0 | E83: =SUM(D11,D35,D59,D83) -> 0 | F83: =E83 -> 0
A84: 2 | B84: Lagging Indicators
A85: 2.1 | B85: Incidents / Accidents (Per Occurrence) | C85: No. | D85: 0 | E85: =SUM(D13,D37,D61,D85) -> 0 | F85: =E85 -> 0
A86: 2.2 | B86: Number of Near-Misses | C86: No. | D86: 0 | E86: =SUM(D14,D38,D62,D86) -> 0 | F86: =E86 -> 0
A87: 2.3 | B87: High Potential Incidents | C87: No. | D87: 0 | E87: =SUM(D15,D39,D63,D87) -> 0 | F87: =E87 -> 0
A88: 2.4 | B88: Life Saving Rule (LSR) Violations | C88: No. | D88: 0 | E88: =SUM(D16,D40,D64,D88) -> 0 | F88: =E88 -> 0
A89: 2.5 | B89: Number of TRCs (LTI / RWC / MTC / FAT) | C89: No. | D89: 0 | E89: =SUM(D17,D41,D65,D89) -> 0 | F89: =E89 -> 0
A90: 2.6 | B90: Severe Motor Vehicle Incidents (MVI) | C90: No. | D90: 0 | E90: =SUM(D18,D42,D66,D90) -> 0 | F90: =E90 -> 0
A91: 3 | B91: Leading Indicators
A92: 3.1 | B92: Site Observations / Unsafe Acts / Conditions | C92: No. | D92: 0 | E92: =SUM(D20,D44,D68,D92) -> 0 | F92: =E92 -> 0
A93: 3.2 | B93: Site Inspections | C93: No. | D93: 0 | E93: =SUM(D21,D45,D69,D93) -> 0 | F93: =E93 -> 0
A94: 3.3 | B94: Site HSE Meetings | C94: No. | D94: 0 | E94: =SUM(D22,D46,D70,D94) -> 0 | F94: =E94 -> 0
A95: 3.4 | B95: Site Toolbox Talks | C95: No. | D95: 0 | E95: =SUM(D23,D47,D71,D95) -> 0 | F95: =E95 -> 0
A96: 3.5 | B96: Management Visits / Walk-around | C96: No. | D96: 0 | E96: =SUM(D24,D48,D72,D96) -> 0 | F96: =E96 -> 0
A97: 3.6 | B97: HSE Training (No. and Participants) | C97: No. | D97: 0 | E97: =SUM(D25,D49,D73,D97) -> 0 | F97: =E97 -> 0
A98: 3.7 | B98: Site HSE Reward / Recognition | C98: No. | D98: 0 | E98: =SUM(D26,D50,D74,D98) -> 0 | F98: =E98 -> 0
A99: 4 | B99: Others
A100: 4.1 | B100: Community / Public Complaints Received | C100: No. | D100: 0 | E100: =SUM(D28,D52,D76,D100) -> 0 | F100: =E100 -> 0
A101: 4.2 | B101: Learning from Incidents (LFI) shared | C101: No. | D101: 0 | E101: =SUM(D29,D53,D77,D101) -> 0 | F101: =E101 -> 0
A102: 4.3 | B102: GCP / AIP and close open actions | C102: Quarterly | D102: 0 | E102: =SUM(D30,D54,D78,D102) -> 0 | F102: =E102 -> 0
...

Sheet 2028
A1: HSE KPI | B1: HSE KPI | C1: HSE KPI | D1: HSE KPI | E1: HSE KPI | F1: HSE KPI | G1: HSE KPI
A2: Monthly HSE KPI source sheet for 2028 | B2: Monthly HSE KPI source sheet for 2028 | C2: Monthly HSE KPI source sheet for 2028 | D2: Monthly HSE KPI source sheet for 2028 | E2: Monthly HSE KPI source sheet for 2028 | F2: Monthly HSE KPI source sheet for 2028 | G2: Monthly HSE KPI source sheet for 2028
A4: Year | B4: 2028
E6: Input values in MA, YTD, & PTD cells only.
A7: Reporting Month | B7: January
A8: No. | B8: Parameter | C8: Unit | D8: Monthly Actual | E8: YTD | F8: Project to Date | G8: Remark
A9: 1 | B9: Exposure Hours / Vehicles | C9: No. | D9: 0 | E9: =SUM(D9) -> 0 | F9: =E9 -> 0
A10: 1.1 | B10: No. of Hours Worked [Exposure Hours] | C10: Hours | D10: 0 | E10: =SUM(D10) -> 0 | F10: =E10 -> 0
A11: 1.2 | B11: No. of Kilometres Driven | C11: Km | D11: 0 | E11: =SUM(D11) -> 0 | F11: =E11 -> 0
A12: 2 | B12: Lagging Indicators
A13: 2.1 | B13: Incidents / Accidents (Per Occurrence) | C13: No. | D13: 0 | E13: =SUM(D13) -> 0 | F13: =E13 -> 0
A14: 2.2 | B14: Number of Near-Misses | C14: No. | D14: 0 | E14: =SUM(D14) -> 0 | F14: =E14 -> 0
A15: 2.3 | B15: High Potential Incidents | C15: No. | D15: 0 | E15: =SUM(D15) -> 0 | F15: =E15 -> 0
A16: 2.4 | B16: Life Saving Rule (LSR) Violations | C16: No. | D16: 0 | E16: =SUM(D16) -> 0 | F16: =E16 -> 0
A17: 2.5 | B17: Number of TRCs (LTI / RWC / MTC / FAT) | C17: No. | D17: 0 | E17: =SUM(D17) -> 0 | F17: =E17 -> 0
A18: 2.6 | B18: Severe Motor Vehicle Incidents (MVI) | C18: No. | D18: 0 | E18: =SUM(D18) -> 0 | F18: =E18 -> 0
A19: 3 | B19: Leading Indicators
A20: 3.1 | B20: Site Observations / Unsafe Acts / Conditions | C20: No. | D20: 0 | E20: =SUM(D20) -> 0 | F20: =E20 -> 0
A21: 3.2 | B21: Site Inspections | C21: No. | D21: 0 | E21: =SUM(D21) -> 0 | F21: =E21 -> 0
A22: 3.3 | B22: Site HSE Meetings | C22: No. | D22: 0 | E22: =SUM(D22) -> 0 | F22: =E22 -> 0
A23: 3.4 | B23: Site Toolbox Talks | C23: No. | D23: 0 | E23: =SUM(D23) -> 0 | F23: =E23 -> 0
A24: 3.5 | B24: Management Visits / Walk-around | C24: No. | D24: 0 | E24: =SUM(D24) -> 0 | F24: =E24 -> 0
A25: 3.6 | B25: HSE Training (No. and Participants) | C25: No. | D25: 0 | E25: =SUM(D25) -> 0 | F25: =E25 -> 0
A26: 3.7 | B26: Site HSE Reward / Recognition | C26: No. | D26: 0 | E26: =SUM(D26) -> 0 | F26: =E26 -> 0
A27: 4 | B27: Others
A28: 4.1 | B28: Community / Public Complaints Received | C28: No. | D28: 0 | E28: =SUM(D28) -> 0 | F28: =E28 -> 0
A29: 4.2 | B29: Learning from Incidents (LFI) shared | C29: No. | D29: 0 | E29: =SUM(D29) -> 0 | F29: =E29 -> 0
A30: 4.3 | B30: GCP / AIP and close open actions | C30: Quarterly | D30: 0 | E30: =SUM(D30) -> 0 | F30: =E30 -> 0
A31: Reporting Month | B31: February
A32: No. | B32: Parameter | C32: Unit | D32: Monthly Actual | E32: YTD | F32: Project to Date | G32: Remark
A33: 1 | B33: Exposure Hours / Vehicles | C33: No. | D33: 0 | E33: =SUM(D9,D33) -> 0 | F33: =E33 -> 0
A34: 1.1 | B34: No. of Hours Worked [Exposure Hours] | C34: Hours | D34: 0 | E34: =SUM(D10,D34) -> 0 | F34: =E34 -> 0
A35: 1.2 | B35: No. of Kilometres Driven | C35: Km | D35: 0 | E35: =SUM(D11,D35) -> 0 | F35: =E35 -> 0
A36: 2 | B36: Lagging Indicators
A37: 2.1 | B37: Incidents / Accidents (Per Occurrence) | C37: No. | D37: 0 | E37: =SUM(D13,D37) -> 0 | F37: =E37 -> 0
A38: 2.2 | B38: Number of Near-Misses | C38: No. | D38: 0 | E38: =SUM(D14,D38) -> 0 | F38: =E38 -> 0
A39: 2.3 | B39: High Potential Incidents | C39: No. | D39: 0 | E39: =SUM(D15,D39) -> 0 | F39: =E39 -> 0
A40: 2.4 | B40: Life Saving Rule (LSR) Violations | C40: No. | D40: 0 | E40: =SUM(D16,D40) -> 0 | F40: =E40 -> 0
A41: 2.5 | B41: Number of TRCs (LTI / RWC / MTC / FAT) | C41: No. | D41: 0 | E41: =SUM(D17,D41) -> 0 | F41: =E41 -> 0
A42: 2.6 | B42: Severe Motor Vehicle Incidents (MVI) | C42: No. | D42: 0 | E42: =SUM(D18,D42) -> 0 | F42: =E42 -> 0
A43: 3 | B43: Leading Indicators
A44: 3.1 | B44: Site Observations / Unsafe Acts / Conditions | C44: No. | D44: 0 | E44: =SUM(D20,D44) -> 0 | F44: =E44 -> 0
A45: 3.2 | B45: Site Inspections | C45: No. | D45: 0 | E45: =SUM(D21,D45) -> 0 | F45: =E45 -> 0
A46: 3.3 | B46: Site HSE Meetings | C46: No. | D46: 0 | E46: =SUM(D22,D46) -> 0 | F46: =E46 -> 0
A47: 3.4 | B47: Site Toolbox Talks | C47: No. | D47: 0 | E47: =SUM(D23,D47) -> 0 | F47: =E47 -> 0
A48: 3.5 | B48: Management Visits / Walk-around | C48: No. | D48: 0 | E48: =SUM(D24,D48) -> 0 | F48: =E48 -> 0
A49: 3.6 | B49: HSE Training (No. and Participants) | C49: No. | D49: 0 | E49: =SUM(D25,D49) -> 0 | F49: =E49 -> 0
A50: 3.7 | B50: Site HSE Reward / Recognition | C50: No. | D50: 0 | E50: =SUM(D26,D50) -> 0 | F50: =E50 -> 0
A51: 4 | B51: Others
A52: 4.1 | B52: Community / Public Complaints Received | C52: No. | D52: 0 | E52: =SUM(D28,D52) -> 0 | F52: =E52 -> 0
A53: 4.2 | B53: Learning from Incidents (LFI) shared | C53: No. | D53: 0 | E53: =SUM(D29,D53) -> 0 | F53: =E53 -> 0
A54: 4.3 | B54: GCP / AIP and close open actions | C54: Quarterly | D54: 0 | E54: =SUM(D30,D54) -> 0 | F54: =E54 -> 0
A55: Reporting Month | B55: March
A56: No. | B56: Parameter | C56: Unit | D56: Monthly Actual | E56: YTD | F56: Project to Date | G56: Remark
A57: 1 | B57: Exposure Hours / Vehicles | C57: No. | D57: 0 | E57: =SUM(D9,D33,D57) -> 0 | F57: =E57 -> 0
A58: 1.1 | B58: No. of Hours Worked [Exposure Hours] | C58: Hours | D58: 0 | E58: =SUM(D10,D34,D58) -> 0 | F58: =E58 -> 0
A59: 1.2 | B59: No. of Kilometres Driven | C59: Km | D59: 0 | E59: =SUM(D11,D35,D59) -> 0 | F59: =E59 -> 0
A60: 2 | B60: Lagging Indicators
A61: 2.1 | B61: Incidents / Accidents (Per Occurrence) | C61: No. | D61: 0 | E61: =SUM(D13,D37,D61) -> 0 | F61: =E61 -> 0
A62: 2.2 | B62: Number of Near-Misses | C62: No. | D62: 0 | E62: =SUM(D14,D38,D62) -> 0 | F62: =E62 -> 0
A63: 2.3 | B63: High Potential Incidents | C63: No. | D63: 0 | E63: =SUM(D15,D39,D63) -> 0 | F63: =E63 -> 0
A64: 2.4 | B64: Life Saving Rule (LSR) Violations | C64: No. | D64: 0 | E64: =SUM(D16,D40,D64) -> 0 | F64: =E64 -> 0
A65: 2.5 | B65: Number of TRCs (LTI / RWC / MTC / FAT) | C65: No. | D65: 0 | E65: =SUM(D17,D41,D65) -> 0 | F65: =E65 -> 0
A66: 2.6 | B66: Severe Motor Vehicle Incidents (MVI) | C66: No. | D66: 0 | E66: =SUM(D18,D42,D66) -> 0 | F66: =E66 -> 0
A67: 3 | B67: Leading Indicators
A68: 3.1 | B68: Site Observations / Unsafe Acts / Conditions | C68: No. | D68: 0 | E68: =SUM(D20,D44,D68) -> 0 | F68: =E68 -> 0
A69: 3.2 | B69: Site Inspections | C69: No. | D69: 0 | E69: =SUM(D21,D45,D69) -> 0 | F69: =E69 -> 0
A70: 3.3 | B70: Site HSE Meetings | C70: No. | D70: 0 | E70: =SUM(D22,D46,D70) -> 0 | F70: =E70 -> 0
A71: 3.4 | B71: Site Toolbox Talks | C71: No. | D71: 0 | E71: =SUM(D23,D47,D71) -> 0 | F71: =E71 -> 0
A72: 3.5 | B72: Management Visits / Walk-around | C72: No. | D72: 0 | E72: =SUM(D24,D48,D72) -> 0 | F72: =E72 -> 0
A73: 3.6 | B73: HSE Training (No. and Participants) | C73: No. | D73: 0 | E73: =SUM(D25,D49,D73) -> 0 | F73: =E73 -> 0
A74: 3.7 | B74: Site HSE Reward / Recognition | C74: No. | D74: 0 | E74: =SUM(D26,D50,D74) -> 0 | F74: =E74 -> 0
A75: 4 | B75: Others
A76: 4.1 | B76: Community / Public Complaints Received | C76: No. | D76: 0 | E76: =SUM(D28,D52,D76) -> 0 | F76: =E76 -> 0
A77: 4.2 | B77: Learning from Incidents (LFI) shared | C77: No. | D77: 0 | E77: =SUM(D29,D53,D77) -> 0 | F77: =E77 -> 0
A78: 4.3 | B78: GCP / AIP and close open actions | C78: Quarterly | D78: 0 | E78: =SUM(D30,D54,D78) -> 0 | F78: =E78 -> 0
A79: Reporting Month | B79: April
A80: No. | B80: Parameter | C80: Unit | D80: Monthly Actual | E80: YTD | F80: Project to Date | G80: Remark
A81: 1 | B81: Exposure Hours / Vehicles | C81: No. | D81: 0 | E81: =SUM(D9,D33,D57,D81) -> 0 | F81: =E81 -> 0
A82: 1.1 | B82: No. of Hours Worked [Exposure Hours] | C82: Hours | D82: 0 | E82: =SUM(D10,D34,D58,D82) -> 0 | F82: =E82 -> 0
A83: 1.2 | B83: No. of Kilometres Driven | C83: Km | D83: 0 | E83: =SUM(D11,D35,D59,D83) -> 0 | F83: =E83 -> 0
A84: 2 | B84: Lagging Indicators
A85: 2.1 | B85: Incidents / Accidents (Per Occurrence) | C85: No. | D85: 0 | E85: =SUM(D13,D37,D61,D85) -> 0 | F85: =E85 -> 0
A86: 2.2 | B86: Number of Near-Misses | C86: No. | D86: 0 | E86: =SUM(D14,D38,D62,D86) -> 0 | F86: =E86 -> 0
A87: 2.3 | B87: High Potential Incidents | C87: No. | D87: 0 | E87: =SUM(D15,D39,D63,D87) -> 0 | F87: =E87 -> 0
A88: 2.4 | B88: Life Saving Rule (LSR) Violations | C88: No. | D88: 0 | E88: =SUM(D16,D40,D64,D88) -> 0 | F88: =E88 -> 0
A89: 2.5 | B89: Number of TRCs (LTI / RWC / MTC / FAT) | C89: No. | D89: 0 | E89: =SUM(D17,D41,D65,D89) -> 0 | F89: =E89 -> 0
A90: 2.6 | B90: Severe Motor Vehicle Incidents (MVI) | C90: No. | D90: 0 | E90: =SUM(D18,D42,D66,D90) -> 0 | F90: =E90 -> 0
A91: 3 | B91: Leading Indicators
A92: 3.1 | B92: Site Observations / Unsafe Acts / Conditions | C92: No. | D92: 0 | E92: =SUM(D20,D44,D68,D92) -> 0 | F92: =E92 -> 0
A93: 3.2 | B93: Site Inspections | C93: No. | D93: 0 | E93: =SUM(D21,D45,D69,D93) -> 0 | F93: =E93 -> 0
A94: 3.3 | B94: Site HSE Meetings | C94: No. | D94: 0 | E94: =SUM(D22,D46,D70,D94) -> 0 | F94: =E94 -> 0
A95: 3.4 | B95: Site Toolbox Talks | C95: No. | D95: 0 | E95: =SUM(D23,D47,D71,D95) -> 0 | F95: =E95 -> 0
A96: 3.5 | B96: Management Visits / Walk-around | C96: No. | D96: 0 | E96: =SUM(D24,D48,D72,D96) -> 0 | F96: =E96 -> 0
A97: 3.6 | B97: HSE Training (No. and Participants) | C97: No. | D97: 0 | E97: =SUM(D25,D49,D73,D97) -> 0 | F97: =E97 -> 0
A98: 3.7 | B98: Site HSE Reward / Recognition | C98: No. | D98: 0 | E98: =SUM(D26,D50,D74,D98) -> 0 | F98: =E98 -> 0
A99: 4 | B99: Others
A100: 4.1 | B100: Community / Public Complaints Received | C100: No. | D100: 0 | E100: =SUM(D28,D52,D76,D100) -> 0 | F100: =E100 -> 0
A101: 4.2 | B101: Learning from Incidents (LFI) shared | C101: No. | D101: 0 | E101: =SUM(D29,D53,D77,D101) -> 0 | F101: =E101 -> 0
A102: 4.3 | B102: GCP / AIP and close open actions | C102: Quarterly | D102: 0 | E102: =SUM(D30,D54,D78,D102) -> 0 | F102: =E102 -> 0
...

Sheet 2029
A1: HSE KPI | B1: HSE KPI | C1: HSE KPI | D1: HSE KPI | E1: HSE KPI | F1: HSE KPI | G1: HSE KPI
A2: Monthly HSE KPI source sheet for 2029 | B2: Monthly HSE KPI source sheet for 2029 | C2: Monthly HSE KPI source sheet for 2029 | D2: Monthly HSE KPI source sheet for 2029 | E2: Monthly HSE KPI source sheet for 2029 | F2: Monthly HSE KPI source sheet for 2029 | G2: Monthly HSE KPI source sheet for 2029
A4: Year | B4: 2029
E6: Input values in MA, YTD, & PTD cells only.
A7: Reporting Month | B7: January
A8: No. | B8: Parameter | C8: Unit | D8: Monthly Actual | E8: YTD | F8: Project to Date | G8: Remark
A9: 1 | B9: Exposure Hours / Vehicles | C9: No. | D9: 0 | E9: =SUM(D9) -> 0 | F9: =E9 -> 0
A10: 1.1 | B10: No. of Hours Worked [Exposure Hours] | C10: Hours | D10: 0 | E10: =SUM(D10) -> 0 | F10: =E10 -> 0
A11: 1.2 | B11: No. of Kilometres Driven | C11: Km | D11: 0 | E11: =SUM(D11) -> 0 | F11: =E11 -> 0
A12: 2 | B12: Lagging Indicators
A13: 2.1 | B13: Incidents / Accidents (Per Occurrence) | C13: No. | D13: 0 | E13: =SUM(D13) -> 0 | F13: =E13 -> 0
A14: 2.2 | B14: Number of Near-Misses | C14: No. | D14: 0 | E14: =SUM(D14) -> 0 | F14: =E14 -> 0
A15: 2.3 | B15: High Potential Incidents | C15: No. | D15: 0 | E15: =SUM(D15) -> 0 | F15: =E15 -> 0
A16: 2.4 | B16: Life Saving Rule (LSR) Violations | C16: No. | D16: 0 | E16: =SUM(D16) -> 0 | F16: =E16 -> 0
A17: 2.5 | B17: Number of TRCs (LTI / RWC / MTC / FAT) | C17: No. | D17: 0 | E17: =SUM(D17) -> 0 | F17: =E17 -> 0
A18: 2.6 | B18: Severe Motor Vehicle Incidents (MVI) | C18: No. | D18: 0 | E18: =SUM(D18) -> 0 | F18: =E18 -> 0
A19: 3 | B19: Leading Indicators
A20: 3.1 | B20: Site Observations / Unsafe Acts / Conditions | C20: No. | D20: 0 | E20: =SUM(D20) -> 0 | F20: =E20 -> 0
A21: 3.2 | B21: Site Inspections | C21: No. | D21: 0 | E21: =SUM(D21) -> 0 | F21: =E21 -> 0
A22: 3.3 | B22: Site HSE Meetings | C22: No. | D22: 0 | E22: =SUM(D22) -> 0 | F22: =E22 -> 0
A23: 3.4 | B23: Site Toolbox Talks | C23: No. | D23: 0 | E23: =SUM(D23) -> 0 | F23: =E23 -> 0
A24: 3.5 | B24: Management Visits / Walk-around | C24: No. | D24: 0 | E24: =SUM(D24) -> 0 | F24: =E24 -> 0
A25: 3.6 | B25: HSE Training (No. and Participants) | C25: No. | D25: 0 | E25: =SUM(D25) -> 0 | F25: =E25 -> 0
A26: 3.7 | B26: Site HSE Reward / Recognition | C26: No. | D26: 0 | E26: =SUM(D26) -> 0 | F26: =E26 -> 0
A27: 4 | B27: Others
A28: 4.1 | B28: Community / Public Complaints Received | C28: No. | D28: 0 | E28: =SUM(D28) -> 0 | F28: =E28 -> 0
A29: 4.2 | B29: Learning from Incidents (LFI) shared | C29: No. | D29: 0 | E29: =SUM(D29) -> 0 | F29: =E29 -> 0
A30: 4.3 | B30: GCP / AIP and close open actions | C30: Quarterly | D30: 0 | E30: =SUM(D30) -> 0 | F30: =E30 -> 0
A31: Reporting Month | B31: February
A32: No. | B32: Parameter | C32: Unit | D32: Monthly Actual | E32: YTD | F32: Project to Date | G32: Remark
A33: 1 | B33: Exposure Hours / Vehicles | C33: No. | D33: 0 | E33: =SUM(D9,D33) -> 0 | F33: =E33 -> 0
A34: 1.1 | B34: No. of Hours Worked [Exposure Hours] | C34: Hours | D34: 0 | E34: =SUM(D10,D34) -> 0 | F34: =E34 -> 0
A35: 1.2 | B35: No. of Kilometres Driven | C35: Km | D35: 0 | E35: =SUM(D11,D35) -> 0 | F35: =E35 -> 0
A36: 2 | B36: Lagging Indicators
A37: 2.1 | B37: Incidents / Accidents (Per Occurrence) | C37: No. | D37: 0 | E37: =SUM(D13,D37) -> 0 | F37: =E37 -> 0
A38: 2.2 | B38: Number of Near-Misses | C38: No. | D38: 0 | E38: =SUM(D14,D38) -> 0 | F38: =E38 -> 0
A39: 2.3 | B39: High Potential Incidents | C39: No. | D39: 0 | E39: =SUM(D15,D39) -> 0 | F39: =E39 -> 0
A40: 2.4 | B40: Life Saving Rule (LSR) Violations | C40: No. | D40: 0 | E40: =SUM(D16,D40) -> 0 | F40: =E40 -> 0
A41: 2.5 | B41: Number of TRCs (LTI / RWC / MTC / FAT) | C41: No. | D41: 0 | E41: =SUM(D17,D41) -> 0 | F41: =E41 -> 0
A42: 2.6 | B42: Severe Motor Vehicle Incidents (MVI) | C42: No. | D42: 0 | E42: =SUM(D18,D42) -> 0 | F42: =E42 -> 0
A43: 3 | B43: Leading Indicators
A44: 3.1 | B44: Site Observations / Unsafe Acts / Conditions | C44: No. | D44: 0 | E44: =SUM(D20,D44) -> 0 | F44: =E44 -> 0
A45: 3.2 | B45: Site Inspections | C45: No. | D45: 0 | E45: =SUM(D21,D45) -> 0 | F45: =E45 -> 0
A46: 3.3 | B46: Site HSE Meetings | C46: No. | D46: 0 | E46: =SUM(D22,D46) -> 0 | F46: =E46 -> 0
A47: 3.4 | B47: Site Toolbox Talks | C47: No. | D47: 0 | E47: =SUM(D23,D47) -> 0 | F47: =E47 -> 0
A48: 3.5 | B48: Management Visits / Walk-around | C48: No. | D48: 0 | E48: =SUM(D24,D48) -> 0 | F48: =E48 -> 0
A49: 3.6 | B49: HSE Training (No. and Participants) | C49: No. | D49: 0 | E49: =SUM(D25,D49) -> 0 | F49: =E49 -> 0
A50: 3.7 | B50: Site HSE Reward / Recognition | C50: No. | D50: 0 | E50: =SUM(D26,D50) -> 0 | F50: =E50 -> 0
A51: 4 | B51: Others
A52: 4.1 | B52: Community / Public Complaints Received | C52: No. | D52: 0 | E52: =SUM(D28,D52) -> 0 | F52: =E52 -> 0
A53: 4.2 | B53: Learning from Incidents (LFI) shared | C53: No. | D53: 0 | E53: =SUM(D29,D53) -> 0 | F53: =E53 -> 0
A54: 4.3 | B54: GCP / AIP and close open actions | C54: Quarterly | D54: 0 | E54: =SUM(D30,D54) -> 0 | F54: =E54 -> 0
A55: Reporting Month | B55: March
A56: No. | B56: Parameter | C56: Unit | D56: Monthly Actual | E56: YTD | F56: Project to Date | G56: Remark
A57: 1 | B57: Exposure Hours / Vehicles | C57: No. | D57: 0 | E57: =SUM(D9,D33,D57) -> 0 | F57: =E57 -> 0
A58: 1.1 | B58: No. of Hours Worked [Exposure Hours] | C58: Hours | D58: 0 | E58: =SUM(D10,D34,D58) -> 0 | F58: =E58 -> 0
A59: 1.2 | B59: No. of Kilometres Driven | C59: Km | D59: 0 | E59: =SUM(D11,D35,D59) -> 0 | F59: =E59 -> 0
A60: 2 | B60: Lagging Indicators
A61: 2.1 | B61: Incidents / Accidents (Per Occurrence) | C61: No. | D61: 0 | E61: =SUM(D13,D37,D61) -> 0 | F61: =E61 -> 0
A62: 2.2 | B62: Number of Near-Misses | C62: No. | D62: 0 | E62: =SUM(D14,D38,D62) -> 0 | F62: =E62 -> 0
A63: 2.3 | B63: High Potential Incidents | C63: No. | D63: 0 | E63: =SUM(D15,D39,D63) -> 0 | F63: =E63 -> 0
A64: 2.4 | B64: Life Saving Rule (LSR) Violations | C64: No. | D64: 0 | E64: =SUM(D16,D40,D64) -> 0 | F64: =E64 -> 0
A65: 2.5 | B65: Number of TRCs (LTI / RWC / MTC / FAT) | C65: No. | D65: 0 | E65: =SUM(D17,D41,D65) -> 0 | F65: =E65 -> 0
A66: 2.6 | B66: Severe Motor Vehicle Incidents (MVI) | C66: No. | D66: 0 | E66: =SUM(D18,D42,D66) -> 0 | F66: =E66 -> 0
A67: 3 | B67: Leading Indicators
A68: 3.1 | B68: Site Observations / Unsafe Acts / Conditions | C68: No. | D68: 0 | E68: =SUM(D20,D44,D68) -> 0 | F68: =E68 -> 0
A69: 3.2 | B69: Site Inspections | C69: No. | D69: 0 | E69: =SUM(D21,D45,D69) -> 0 | F69: =E69 -> 0
A70: 3.3 | B70: Site HSE Meetings | C70: No. | D70: 0 | E70: =SUM(D22,D46,D70) -> 0 | F70: =E70 -> 0
A71: 3.4 | B71: Site Toolbox Talks | C71: No. | D71: 0 | E71: =SUM(D23,D47,D71) -> 0 | F71: =E71 -> 0
A72: 3.5 | B72: Management Visits / Walk-around | C72: No. | D72: 0 | E72: =SUM(D24,D48,D72) -> 0 | F72: =E72 -> 0
A73: 3.6 | B73: HSE Training (No. and Participants) | C73: No. | D73: 0 | E73: =SUM(D25,D49,D73) -> 0 | F73: =E73 -> 0
A74: 3.7 | B74: Site HSE Reward / Recognition | C74: No. | D74: 0 | E74: =SUM(D26,D50,D74) -> 0 | F74: =E74 -> 0
A75: 4 | B75: Others
A76: 4.1 | B76: Community / Public Complaints Received | C76: No. | D76: 0 | E76: =SUM(D28,D52,D76) -> 0 | F76: =E76 -> 0
A77: 4.2 | B77: Learning from Incidents (LFI) shared | C77: No. | D77: 0 | E77: =SUM(D29,D53,D77) -> 0 | F77: =E77 -> 0
A78: 4.3 | B78: GCP / AIP and close open actions | C78: Quarterly | D78: 0 | E78: =SUM(D30,D54,D78) -> 0 | F78: =E78 -> 0
A79: Reporting Month | B79: April
A80: No. | B80: Parameter | C80: Unit | D80: Monthly Actual | E80: YTD | F80: Project to Date | G80: Remark
A81: 1 | B81: Exposure Hours / Vehicles | C81: No. | D81: 0 | E81: =SUM(D9,D33,D57,D81) -> 0 | F81: =E81 -> 0
A82: 1.1 | B82: No. of Hours Worked [Exposure Hours] | C82: Hours | D82: 0 | E82: =SUM(D10,D34,D58,D82) -> 0 | F82: =E82 -> 0
A83: 1.2 | B83: No. of Kilometres Driven | C83: Km | D83: 0 | E83: =SUM(D11,D35,D59,D83) -> 0 | F83: =E83 -> 0
A84: 2 | B84: Lagging Indicators
A85: 2.1 | B85: Incidents / Accidents (Per Occurrence) | C85: No. | D85: 0 | E85: =SUM(D13,D37,D61,D85) -> 0 | F85: =E85 -> 0
A86: 2.2 | B86: Number of Near-Misses | C86: No. | D86: 0 | E86: =SUM(D14,D38,D62,D86) -> 0 | F86: =E86 -> 0
A87: 2.3 | B87: High Potential Incidents | C87: No. | D87: 0 | E87: =SUM(D15,D39,D63,D87) -> 0 | F87: =E87 -> 0
A88: 2.4 | B88: Life Saving Rule (LSR) Violations | C88: No. | D88: 0 | E88: =SUM(D16,D40,D64,D88) -> 0 | F88: =E88 -> 0
A89: 2.5 | B89: Number of TRCs (LTI / RWC / MTC / FAT) | C89: No. | D89: 0 | E89: =SUM(D17,D41,D65,D89) -> 0 | F89: =E89 -> 0
A90: 2.6 | B90: Severe Motor Vehicle Incidents (MVI) | C90: No. | D90: 0 | E90: =SUM(D18,D42,D66,D90) -> 0 | F90: =E90 -> 0
A91: 3 | B91: Leading Indicators
A92: 3.1 | B92: Site Observations / Unsafe Acts / Conditions | C92: No. | D92: 0 | E92: =SUM(D20,D44,D68,D92) -> 0 | F92: =E92 -> 0
A93: 3.2 | B93: Site Inspections | C93: No. | D93: 0 | E93: =SUM(D21,D45,D69,D93) -> 0 | F93: =E93 -> 0
A94: 3.3 | B94: Site HSE Meetings | C94: No. | D94: 0 | E94: =SUM(D22,D46,D70,D94) -> 0 | F94: =E94 -> 0
A95: 3.4 | B95: Site Toolbox Talks | C95: No. | D95: 0 | E95: =SUM(D23,D47,D71,D95) -> 0 | F95: =E95 -> 0
A96: 3.5 | B96: Management Visits / Walk-around | C96: No. | D96: 0 | E96: =SUM(D24,D48,D72,D96) -> 0 | F96: =E96 -> 0
A97: 3.6 | B97: HSE Training (No. and Participants) | C97: No. | D97: 0 | E97: =SUM(D25,D49,D73,D97) -> 0 | F97: =E97 -> 0
A98: 3.7 | B98: Site HSE Reward / Recognition | C98: No. | D98: 0 | E98: =SUM(D26,D50,D74,D98) -> 0 | F98: =E98 -> 0
A99: 4 | B99: Others
A100: 4.1 | B100: Community / Public Complaints Received | C100: No. | D100: 0 | E100: =SUM(D28,D52,D76,D100) -> 0 | F100: =E100 -> 0
A101: 4.2 | B101: Learning from Incidents (LFI) shared | C101: No. | D101: 0 | E101: =SUM(D29,D53,D77,D101) -> 0 | F101: =E101 -> 0
A102: 4.3 | B102: GCP / AIP and close open actions | C102: Quarterly | D102: 0 | E102: =SUM(D30,D54,D78,D102) -> 0 | F102: =E102 -> 0
...

Sheet 2030
A1: HSE KPI | B1: HSE KPI | C1: HSE KPI | D1: HSE KPI | E1: HSE KPI | F1: HSE KPI | G1: HSE KPI
A2: Monthly HSE KPI source sheet for 2030 | B2: Monthly HSE KPI source sheet for 2030 | C2: Monthly HSE KPI source sheet for 2030 | D2: Monthly HSE KPI source sheet for 2030 | E2: Monthly HSE KPI source sheet for 2030 | F2: Monthly HSE KPI source sheet for 2030 | G2: Monthly HSE KPI source sheet for 2030
A4: Year | B4: 2030
E6: Input values in MA, YTD, & PTD cells only.
A7: Reporting Month | B7: January
A8: No. | B8: Parameter | C8: Unit | D8: Monthly Actual | E8: YTD | F8: Project to Date | G8: Remark
A9: 1 | B9: Exposure Hours / Vehicles | C9: No. | D9: 0 | E9: =SUM(D9) -> 0 | F9: =E9 -> 0
A10: 1.1 | B10: No. of Hours Worked [Exposure Hours] | C10: Hours | D10: 0 | E10: =SUM(D10) -> 0 | F10: =E10 -> 0
A11: 1.2 | B11: No. of Kilometres Driven | C11: Km | D11: 0 | E11: =SUM(D11) -> 0 | F11: =E11 -> 0
A12: 2 | B12: Lagging Indicators
A13: 2.1 | B13: Incidents / Accidents (Per Occurrence) | C13: No. | D13: 0 | E13: =SUM(D13) -> 0 | F13: =E13 -> 0
A14: 2.2 | B14: Number of Near-Misses | C14: No. | D14: 0 | E14: =SUM(D14) -> 0 | F14: =E14 -> 0
A15: 2.3 | B15: High Potential Incidents | C15: No. | D15: 0 | E15: =SUM(D15) -> 0 | F15: =E15 -> 0
A16: 2.4 | B16: Life Saving Rule (LSR) Violations | C16: No. | D16: 0 | E16: =SUM(D16) -> 0 | F16: =E16 -> 0
A17: 2.5 | B17: Number of TRCs (LTI / RWC / MTC / FAT) | C17: No. | D17: 0 | E17: =SUM(D17) -> 0 | F17: =E17 -> 0
A18: 2.6 | B18: Severe Motor Vehicle Incidents (MVI) | C18: No. | D18: 0 | E18: =SUM(D18) -> 0 | F18: =E18 -> 0
A19: 3 | B19: Leading Indicators
A20: 3.1 | B20: Site Observations / Unsafe Acts / Conditions | C20: No. | D20: 0 | E20: =SUM(D20) -> 0 | F20: =E20 -> 0
A21: 3.2 | B21: Site Inspections | C21: No. | D21: 0 | E21: =SUM(D21) -> 0 | F21: =E21 -> 0
A22: 3.3 | B22: Site HSE Meetings | C22: No. | D22: 0 | E22: =SUM(D22) -> 0 | F22: =E22 -> 0
A23: 3.4 | B23: Site Toolbox Talks | C23: No. | D23: 0 | E23: =SUM(D23) -> 0 | F23: =E23 -> 0
A24: 3.5 | B24: Management Visits / Walk-around | C24: No. | D24: 0 | E24: =SUM(D24) -> 0 | F24: =E24 -> 0
A25: 3.6 | B25: HSE Training (No. and Participants) | C25: No. | D25: 0 | E25: =SUM(D25) -> 0 | F25: =E25 -> 0
A26: 3.7 | B26: Site HSE Reward / Recognition | C26: No. | D26: 0 | E26: =SUM(D26) -> 0 | F26: =E26 -> 0
A27: 4 | B27: Others
A28: 4.1 | B28: Community / Public Complaints Received | C28: No. | D28: 0 | E28: =SUM(D28) -> 0 | F28: =E28 -> 0
A29: 4.2 | B29: Learning from Incidents (LFI) shared | C29: No. | D29: 0 | E29: =SUM(D29) -> 0 | F29: =E29 -> 0
A30: 4.3 | B30: GCP / AIP and close open actions | C30: Quarterly | D30: 0 | E30: =SUM(D30) -> 0 | F30: =E30 -> 0
A31: Reporting Month | B31: February
A32: No. | B32: Parameter | C32: Unit | D32: Monthly Actual | E32: YTD | F32: Project to Date | G32: Remark
A33: 1 | B33: Exposure Hours / Vehicles | C33: No. | D33: 0 | E33: =SUM(D9,D33) -> 0 | F33: =E33 -> 0
A34: 1.1 | B34: No. of Hours Worked [Exposure Hours] | C34: Hours | D34: 0 | E34: =SUM(D10,D34) -> 0 | F34: =E34 -> 0
A35: 1.2 | B35: No. of Kilometres Driven | C35: Km | D35: 0 | E35: =SUM(D11,D35) -> 0 | F35: =E35 -> 0
A36: 2 | B36: Lagging Indicators
A37: 2.1 | B37: Incidents / Accidents (Per Occurrence) | C37: No. | D37: 0 | E37: =SUM(D13,D37) -> 0 | F37: =E37 -> 0
A38: 2.2 | B38: Number of Near-Misses | C38: No. | D38: 0 | E38: =SUM(D14,D38) -> 0 | F38: =E38 -> 0
A39: 2.3 | B39: High Potential Incidents | C39: No. | D39: 0 | E39: =SUM(D15,D39) -> 0 | F39: =E39 -> 0
A40: 2.4 | B40: Life Saving Rule (LSR) Violations | C40: No. | D40: 0 | E40: =SUM(D16,D40) -> 0 | F40: =E40 -> 0
A41: 2.5 | B41: Number of TRCs (LTI / RWC / MTC / FAT) | C41: No. | D41: 0 | E41: =SUM(D17,D41) -> 0 | F41: =E41 -> 0
A42: 2.6 | B42: Severe Motor Vehicle Incidents (MVI) | C42: No. | D42: 0 | E42: =SUM(D18,D42) -> 0 | F42: =E42 -> 0
A43: 3 | B43: Leading Indicators
A44: 3.1 | B44: Site Observations / Unsafe Acts / Conditions | C44: No. | D44: 0 | E44: =SUM(D20,D44) -> 0 | F44: =E44 -> 0
A45: 3.2 | B45: Site Inspections | C45: No. | D45: 0 | E45: =SUM(D21,D45) -> 0 | F45: =E45 -> 0
A46: 3.3 | B46: Site HSE Meetings | C46: No. | D46: 0 | E46: =SUM(D22,D46) -> 0 | F46: =E46 -> 0
A47: 3.4 | B47: Site Toolbox Talks | C47: No. | D47: 0 | E47: =SUM(D23,D47) -> 0 | F47: =E47 -> 0
A48: 3.5 | B48: Management Visits / Walk-around | C48: No. | D48: 0 | E48: =SUM(D24,D48) -> 0 | F48: =E48 -> 0
A49: 3.6 | B49: HSE Training (No. and Participants) | C49: No. | D49: 0 | E49: =SUM(D25,D49) -> 0 | F49: =E49 -> 0
A50: 3.7 | B50: Site HSE Reward / Recognition | C50: No. | D50: 0 | E50: =SUM(D26,D50) -> 0 | F50: =E50 -> 0
A51: 4 | B51: Others
A52: 4.1 | B52: Community / Public Complaints Received | C52: No. | D52: 0 | E52: =SUM(D28,D52) -> 0 | F52: =E52 -> 0
A53: 4.2 | B53: Learning from Incidents (LFI) shared | C53: No. | D53: 0 | E53: =SUM(D29,D53) -> 0 | F53: =E53 -> 0
A54: 4.3 | B54: GCP / AIP and close open actions | C54: Quarterly | D54: 0 | E54: =SUM(D30,D54) -> 0 | F54: =E54 -> 0
A55: Reporting Month | B55: March
A56: No. | B56: Parameter | C56: Unit | D56: Monthly Actual | E56: YTD | F56: Project to Date | G56: Remark
A57: 1 | B57: Exposure Hours / Vehicles | C57: No. | D57: 0 | E57: =SUM(D9,D33,D57) -> 0 | F57: =E57 -> 0
A58: 1.1 | B58: No. of Hours Worked [Exposure Hours] | C58: Hours | D58: 0 | E58: =SUM(D10,D34,D58) -> 0 | F58: =E58 -> 0
A59: 1.2 | B59: No. of Kilometres Driven | C59: Km | D59: 0 | E59: =SUM(D11,D35,D59) -> 0 | F59: =E59 -> 0
A60: 2 | B60: Lagging Indicators
A61: 2.1 | B61: Incidents / Accidents (Per Occurrence) | C61: No. | D61: 0 | E61: =SUM(D13,D37,D61) -> 0 | F61: =E61 -> 0
A62: 2.2 | B62: Number of Near-Misses | C62: No. | D62: 0 | E62: =SUM(D14,D38,D62) -> 0 | F62: =E62 -> 0
A63: 2.3 | B63: High Potential Incidents | C63: No. | D63: 0 | E63: =SUM(D15,D39,D63) -> 0 | F63: =E63 -> 0
A64: 2.4 | B64: Life Saving Rule (LSR) Violations | C64: No. | D64: 0 | E64: =SUM(D16,D40,D64) -> 0 | F64: =E64 -> 0
A65: 2.5 | B65: Number of TRCs (LTI / RWC / MTC / FAT) | C65: No. | D65: 0 | E65: =SUM(D17,D41,D65) -> 0 | F65: =E65 -> 0
A66: 2.6 | B66: Severe Motor Vehicle Incidents (MVI) | C66: No. | D66: 0 | E66: =SUM(D18,D42,D66) -> 0 | F66: =E66 -> 0
A67: 3 | B67: Leading Indicators
A68: 3.1 | B68: Site Observations / Unsafe Acts / Conditions | C68: No. | D68: 0 | E68: =SUM(D20,D44,D68) -> 0 | F68: =E68 -> 0
A69: 3.2 | B69: Site Inspections | C69: No. | D69: 0 | E69: =SUM(D21,D45,D69) -> 0 | F69: =E69 -> 0
A70: 3.3 | B70: Site HSE Meetings | C70: No. | D70: 0 | E70: =SUM(D22,D46,D70) -> 0 | F70: =E70 -> 0
A71: 3.4 | B71: Site Toolbox Talks | C71: No. | D71: 0 | E71: =SUM(D23,D47,D71) -> 0 | F71: =E71 -> 0
A72: 3.5 | B72: Management Visits / Walk-around | C72: No. | D72: 0 | E72: =SUM(D24,D48,D72) -> 0 | F72: =E72 -> 0
A73: 3.6 | B73: HSE Training (No. and Participants) | C73: No. | D73: 0 | E73: =SUM(D25,D49,D73) -> 0 | F73: =E73 -> 0
A74: 3.7 | B74: Site HSE Reward / Recognition | C74: No. | D74: 0 | E74: =SUM(D26,D50,D74) -> 0 | F74: =E74 -> 0
A75: 4 | B75: Others
A76: 4.1 | B76: Community / Public Complaints Received | C76: No. | D76: 0 | E76: =SUM(D28,D52,D76) -> 0 | F76: =E76 -> 0
A77: 4.2 | B77: Learning from Incidents (LFI) shared | C77: No. | D77: 0 | E77: =SUM(D29,D53,D77) -> 0 | F77: =E77 -> 0
A78: 4.3 | B78: GCP / AIP and close open actions | C78: Quarterly | D78: 0 | E78: =SUM(D30,D54,D78) -> 0 | F78: =E78 -> 0
A79: Reporting Month | B79: April
A80: No. | B80: Parameter | C80: Unit | D80: Monthly Actual | E80: YTD | F80: Project to Date | G80: Remark
A81: 1 | B81: Exposure Hours / Vehicles | C81: No. | D81: 0 | E81: =SUM(D9,D33,D57,D81) -> 0 | F81: =E81 -> 0
A82: 1.1 | B82: No. of Hours Worked [Exposure Hours] | C82: Hours | D82: 0 | E82: =SUM(D10,D34,D58,D82) -> 0 | F82: =E82 -> 0
A83: 1.2 | B83: No. of Kilometres Driven | C83: Km | D83: 0 | E83: =SUM(D11,D35,D59,D83) -> 0 | F83: =E83 -> 0
A84: 2 | B84: Lagging Indicators
A85: 2.1 | B85: Incidents / Accidents (Per Occurrence) | C85: No. | D85: 0 | E85: =SUM(D13,D37,D61,D85) -> 0 | F85: =E85 -> 0
A86: 2.2 | B86: Number of Near-Misses | C86: No. | D86: 0 | E86: =SUM(D14,D38,D62,D86) -> 0 | F86: =E86 -> 0
A87: 2.3 | B87: High Potential Incidents | C87: No. | D87: 0 | E87: =SUM(D15,D39,D63,D87) -> 0 | F87: =E87 -> 0
A88: 2.4 | B88: Life Saving Rule (LSR) Violations | C88: No. | D88: 0 | E88: =SUM(D16,D40,D64,D88) -> 0 | F88: =E88 -> 0
A89: 2.5 | B89: Number of TRCs (LTI / RWC / MTC / FAT) | C89: No. | D89: 0 | E89: =SUM(D17,D41,D65,D89) -> 0 | F89: =E89 -> 0
A90: 2.6 | B90: Severe Motor Vehicle Incidents (MVI) | C90: No. | D90: 0 | E90: =SUM(D18,D42,D66,D90) -> 0 | F90: =E90 -> 0
A91: 3 | B91: Leading Indicators
A92: 3.1 | B92: Site Observations / Unsafe Acts / Conditions | C92: No. | D92: 0 | E92: =SUM(D20,D44,D68,D92) -> 0 | F92: =E92 -> 0
A93: 3.2 | B93: Site Inspections | C93: No. | D93: 0 | E93: =SUM(D21,D45,D69,D93) -> 0 | F93: =E93 -> 0
A94: 3.3 | B94: Site HSE Meetings | C94: No. | D94: 0 | E94: =SUM(D22,D46,D70,D94) -> 0 | F94: =E94 -> 0
A95: 3.4 | B95: Site Toolbox Talks | C95: No. | D95: 0 | E95: =SUM(D23,D47,D71,D95) -> 0 | F95: =E95 -> 0
A96: 3.5 | B96: Management Visits / Walk-around | C96: No. | D96: 0 | E96: =SUM(D24,D48,D72,D96) -> 0 | F96: =E96 -> 0
A97: 3.6 | B97: HSE Training (No. and Participants) | C97: No. | D97: 0 | E97: =SUM(D25,D49,D73,D97) -> 0 | F97: =E97 -> 0
A98: 3.7 | B98: Site HSE Reward / Recognition | C98: No. | D98: 0 | E98: =SUM(D26,D50,D74,D98) -> 0 | F98: =E98 -> 0
A99: 4 | B99: Others
A100: 4.1 | B100: Community / Public Complaints Received | C100: No. | D100: 0 | E100: =SUM(D28,D52,D76,D100) -> 0 | F100: =E100 -> 0
A101: 4.2 | B101: Learning from Incidents (LFI) shared | C101: No. | D101: 0 | E101: =SUM(D29,D53,D77,D101) -> 0 | F101: =E101 -> 0
A102: 4.3 | B102: GCP / AIP and close open actions | C102: Quarterly | D102: 0 | E102: =SUM(D30,D54,D78,D102) -> 0 | F102: =E102 -> 0
...

Sheet 2031
A1: HSE KPI | B1: HSE KPI | C1: HSE KPI | D1: HSE KPI | E1: HSE KPI | F1: HSE KPI | G1: HSE KPI
A2: Monthly HSE KPI source sheet for 2031 | B2: Monthly HSE KPI source sheet for 2031 | C2: Monthly HSE KPI source sheet for 2031 | D2: Monthly HSE KPI source sheet for 2031 | E2: Monthly HSE KPI source sheet for 2031 | F2: Monthly HSE KPI source sheet for 2031 | G2: Monthly HSE KPI source sheet for 2031
A4: Year | B4: 2031
E6: Input values in MA, YTD, & PTD cells only.
A7: Reporting Month | B7: January
A8: No. | B8: Parameter | C8: Unit | D8: Monthly Actual | E8: YTD | F8: Project to Date | G8: Remark
A9: 1 | B9: Exposure Hours / Vehicles | C9: No. | D9: 0 | E9: =SUM(D9) -> 0 | F9: =E9 -> 0
A10: 1.1 | B10: No. of Hours Worked [Exposure Hours] | C10: Hours | D10: 0 | E10: =SUM(D10) -> 0 | F10: =E10 -> 0
A11: 1.2 | B11: No. of Kilometres Driven | C11: Km | D11: 0 | E11: =SUM(D11) -> 0 | F11: =E11 -> 0
A12: 2 | B12: Lagging Indicators
A13: 2.1 | B13: Incidents / Accidents (Per Occurrence) | C13: No. | D13: 0 | E13: =SUM(D13) -> 0 | F13: =E13 -> 0
A14: 2.2 | B14: Number of Near-Misses | C14: No. | D14: 0 | E14: =SUM(D14) -> 0 | F14: =E14 -> 0
A15: 2.3 | B15: High Potential Incidents | C15: No. | D15: 0 | E15: =SUM(D15) -> 0 | F15: =E15 -> 0
A16: 2.4 | B16: Life Saving Rule (LSR) Violations | C16: No. | D16: 0 | E16: =SUM(D16) -> 0 | F16: =E16 -> 0
A17: 2.5 | B17: Number of TRCs (LTI / RWC / MTC / FAT) | C17: No. | D17: 0 | E17: =SUM(D17) -> 0 | F17: =E17 -> 0
A18: 2.6 | B18: Severe Motor Vehicle Incidents (MVI) | C18: No. | D18: 0 | E18: =SUM(D18) -> 0 | F18: =E18 -> 0
A19: 3 | B19: Leading Indicators
A20: 3.1 | B20: Site Observations / Unsafe Acts / Conditions | C20: No. | D20: 0 | E20: =SUM(D20) -> 0 | F20: =E20 -> 0
A21: 3.2 | B21: Site Inspections | C21: No. | D21: 0 | E21: =SUM(D21) -> 0 | F21: =E21 -> 0
A22: 3.3 | B22: Site HSE Meetings | C22: No. | D22: 0 | E22: =SUM(D22) -> 0 | F22: =E22 -> 0
A23: 3.4 | B23: Site Toolbox Talks | C23: No. | D23: 0 | E23: =SUM(D23) -> 0 | F23: =E23 -> 0
A24: 3.5 | B24: Management Visits / Walk-around | C24: No. | D24: 0 | E24: =SUM(D24) -> 0 | F24: =E24 -> 0
A25: 3.6 | B25: HSE Training (No. and Participants) | C25: No. | D25: 0 | E25: =SUM(D25) -> 0 | F25: =E25 -> 0
A26: 3.7 | B26: Site HSE Reward / Recognition | C26: No. | D26: 0 | E26: =SUM(D26) -> 0 | F26: =E26 -> 0
A27: 4 | B27: Others
A28: 4.1 | B28: Community / Public Complaints Received | C28: No. | D28: 0 | E28: =SUM(D28) -> 0 | F28: =E28 -> 0
A29: 4.2 | B29: Learning from Incidents (LFI) shared | C29: No. | D29: 0 | E29: =SUM(D29) -> 0 | F29: =E29 -> 0
A30: 4.3 | B30: GCP / AIP and close open actions | C30: Quarterly | D30: 0 | E30: =SUM(D30) -> 0 | F30: =E30 -> 0
A31: Reporting Month | B31: February
A32: No. | B32: Parameter | C32: Unit | D32: Monthly Actual | E32: YTD | F32: Project to Date | G32: Remark
A33: 1 | B33: Exposure Hours / Vehicles | C33: No. | D33: 0 | E33: =SUM(D9,D33) -> 0 | F33: =E33 -> 0
A34: 1.1 | B34: No. of Hours Worked [Exposure Hours] | C34: Hours | D34: 0 | E34: =SUM(D10,D34) -> 0 | F34: =E34 -> 0
A35: 1.2 | B35: No. of Kilometres Driven | C35: Km | D35: 0 | E35: =SUM(D11,D35) -> 0 | F35: =E35 -> 0
A36: 2 | B36: Lagging Indicators
A37: 2.1 | B37: Incidents / Accidents (Per Occurrence) | C37: No. | D37: 0 | E37: =SUM(D13,D37) -> 0 | F37: =E37 -> 0
A38: 2.2 | B38: Number of Near-Misses | C38: No. | D38: 0 | E38: =SUM(D14,D38) -> 0 | F38: =E38 -> 0
A39: 2.3 | B39: High Potential Incidents | C39: No. | D39: 0 | E39: =SUM(D15,D39) -> 0 | F39: =E39 -> 0
A40: 2.4 | B40: Life Saving Rule (LSR) Violations | C40: No. | D40: 0 | E40: =SUM(D16,D40) -> 0 | F40: =E40 -> 0
A41: 2.5 | B41: Number of TRCs (LTI / RWC / MTC / FAT) | C41: No. | D41: 0 | E41: =SUM(D17,D41) -> 0 | F41: =E41 -> 0
A42: 2.6 | B42: Severe Motor Vehicle Incidents (MVI) | C42: No. | D42: 0 | E42: =SUM(D18,D42) -> 0 | F42: =E42 -> 0
A43: 3 | B43: Leading Indicators
A44: 3.1 | B44: Site Observations / Unsafe Acts / Conditions | C44: No. | D44: 0 | E44: =SUM(D20,D44) -> 0 | F44: =E44 -> 0
A45: 3.2 | B45: Site Inspections | C45: No. | D45: 0 | E45: =SUM(D21,D45) -> 0 | F45: =E45 -> 0
A46: 3.3 | B46: Site HSE Meetings | C46: No. | D46: 0 | E46: =SUM(D22,D46) -> 0 | F46: =E46 -> 0
A47: 3.4 | B47: Site Toolbox Talks | C47: No. | D47: 0 | E47: =SUM(D23,D47) -> 0 | F47: =E47 -> 0
A48: 3.5 | B48: Management Visits / Walk-around | C48: No. | D48: 0 | E48: =SUM(D24,D48) -> 0 | F48: =E48 -> 0
A49: 3.6 | B49: HSE Training (No. and Participants) | C49: No. | D49: 0 | E49: =SUM(D25,D49) -> 0 | F49: =E49 -> 0
A50: 3.7 | B50: Site HSE Reward / Recognition | C50: No. | D50: 0 | E50: =SUM(D26,D50) -> 0 | F50: =E50 -> 0
A51: 4 | B51: Others
A52: 4.1 | B52: Community / Public Complaints Received | C52: No. | D52: 0 | E52: =SUM(D28,D52) -> 0 | F52: =E52 -> 0
A53: 4.2 | B53: Learning from Incidents (LFI) shared | C53: No. | D53: 0 | E53: =SUM(D29,D53) -> 0 | F53: =E53 -> 0
A54: 4.3 | B54: GCP / AIP and close open actions | C54: Quarterly | D54: 0 | E54: =SUM(D30,D54) -> 0 | F54: =E54 -> 0
A55: Reporting Month | B55: March
A56: No. | B56: Parameter | C56: Unit | D56: Monthly Actual | E56: YTD | F56: Project to Date | G56: Remark
A57: 1 | B57: Exposure Hours / Vehicles | C57: No. | D57: 0 | E57: =SUM(D9,D33,D57) -> 0 | F57: =E57 -> 0
A58: 1.1 | B58: No. of Hours Worked [Exposure Hours] | C58: Hours | D58: 0 | E58: =SUM(D10,D34,D58) -> 0 | F58: =E58 -> 0
A59: 1.2 | B59: No. of Kilometres Driven | C59: Km | D59: 0 | E59: =SUM(D11,D35,D59) -> 0 | F59: =E59 -> 0
A60: 2 | B60: Lagging Indicators
A61: 2.1 | B61: Incidents / Accidents (Per Occurrence) | C61: No. | D61: 0 | E61: =SUM(D13,D37,D61) -> 0 | F61: =E61 -> 0
A62: 2.2 | B62: Number of Near-Misses | C62: No. | D62: 0 | E62: =SUM(D14,D38,D62) -> 0 | F62: =E62 -> 0
A63: 2.3 | B63: High Potential Incidents | C63: No. | D63: 0 | E63: =SUM(D15,D39,D63) -> 0 | F63: =E63 -> 0
A64: 2.4 | B64: Life Saving Rule (LSR) Violations | C64: No. | D64: 0 | E64: =SUM(D16,D40,D64) -> 0 | F64: =E64 -> 0
A65: 2.5 | B65: Number of TRCs (LTI / RWC / MTC / FAT) | C65: No. | D65: 0 | E65: =SUM(D17,D41,D65) -> 0 | F65: =E65 -> 0
A66: 2.6 | B66: Severe Motor Vehicle Incidents (MVI) | C66: No. | D66: 0 | E66: =SUM(D18,D42,D66) -> 0 | F66: =E66 -> 0
A67: 3 | B67: Leading Indicators
A68: 3.1 | B68: Site Observations / Unsafe Acts / Conditions | C68: No. | D68: 0 | E68: =SUM(D20,D44,D68) -> 0 | F68: =E68 -> 0
A69: 3.2 | B69: Site Inspections | C69: No. | D69: 0 | E69: =SUM(D21,D45,D69) -> 0 | F69: =E69 -> 0
A70: 3.3 | B70: Site HSE Meetings | C70: No. | D70: 0 | E70: =SUM(D22,D46,D70) -> 0 | F70: =E70 -> 0
A71: 3.4 | B71: Site Toolbox Talks | C71: No. | D71: 0 | E71: =SUM(D23,D47,D71) -> 0 | F71: =E71 -> 0
A72: 3.5 | B72: Management Visits / Walk-around | C72: No. | D72: 0 | E72: =SUM(D24,D48,D72) -> 0 | F72: =E72 -> 0
A73: 3.6 | B73: HSE Training (No. and Participants) | C73: No. | D73: 0 | E73: =SUM(D25,D49,D73) -> 0 | F73: =E73 -> 0
A74: 3.7 | B74: Site HSE Reward / Recognition | C74: No. | D74: 0 | E74: =SUM(D26,D50,D74) -> 0 | F74: =E74 -> 0
A75: 4 | B75: Others
A76: 4.1 | B76: Community / Public Complaints Received | C76: No. | D76: 0 | E76: =SUM(D28,D52,D76) -> 0 | F76: =E76 -> 0
A77: 4.2 | B77: Learning from Incidents (LFI) shared | C77: No. | D77: 0 | E77: =SUM(D29,D53,D77) -> 0 | F77: =E77 -> 0
A78: 4.3 | B78: GCP / AIP and close open actions | C78: Quarterly | D78: 0 | E78: =SUM(D30,D54,D78) -> 0 | F78: =E78 -> 0
A79: Reporting Month | B79: April
A80: No. | B80: Parameter | C80: Unit | D80: Monthly Actual | E80: YTD | F80: Project to Date | G80: Remark
A81: 1 | B81: Exposure Hours / Vehicles | C81: No. | D81: 0 | E81: =SUM(D9,D33,D57,D81) -> 0 | F81: =E81 -> 0
A82: 1.1 | B82: No. of Hours Worked [Exposure Hours] | C82: Hours | D82: 0 | E82: =SUM(D10,D34,D58,D82) -> 0 | F82: =E82 -> 0
A83: 1.2 | B83: No. of Kilometres Driven | C83: Km | D83: 0 | E83: =SUM(D11,D35,D59,D83) -> 0 | F83: =E83 -> 0
A84: 2 | B84: Lagging Indicators
A85: 2.1 | B85: Incidents / Accidents (Per Occurrence) | C85: No. | D85: 0 | E85: =SUM(D13,D37,D61,D85) -> 0 | F85: =E85 -> 0
A86: 2.2 | B86: Number of Near-Misses | C86: No. | D86: 0 | E86: =SUM(D14,D38,D62,D86) -> 0 | F86: =E86 -> 0
A87: 2.3 | B87: High Potential Incidents | C87: No. | D87: 0 | E87: =SUM(D15,D39,D63,D87) -> 0 | F87: =E87 -> 0
A88: 2.4 | B88: Life Saving Rule (LSR) Violations | C88: No. | D88: 0 | E88: =SUM(D16,D40,D64,D88) -> 0 | F88: =E88 -> 0
A89: 2.5 | B89: Number of TRCs (LTI / RWC / MTC / FAT) | C89: No. | D89: 0 | E89: =SUM(D17,D41,D65,D89) -> 0 | F89: =E89 -> 0
A90: 2.6 | B90: Severe Motor Vehicle Incidents (MVI) | C90: No. | D90: 0 | E90: =SUM(D18,D42,D66,D90) -> 0 | F90: =E90 -> 0
A91: 3 | B91: Leading Indicators
A92: 3.1 | B92: Site Observations / Unsafe Acts / Conditions | C92: No. | D92: 0 | E92: =SUM(D20,D44,D68,D92) -> 0 | F92: =E92 -> 0
A93: 3.2 | B93: Site Inspections | C93: No. | D93: 0 | E93: =SUM(D21,D45,D69,D93) -> 0 | F93: =E93 -> 0
A94: 3.3 | B94: Site HSE Meetings | C94: No. | D94: 0 | E94: =SUM(D22,D46,D70,D94) -> 0 | F94: =E94 -> 0
A95: 3.4 | B95: Site Toolbox Talks | C95: No. | D95: 0 | E95: =SUM(D23,D47,D71,D95) -> 0 | F95: =E95 -> 0
A96: 3.5 | B96: Management Visits / Walk-around | C96: No. | D96: 0 | E96: =SUM(D24,D48,D72,D96) -> 0 | F96: =E96 -> 0
A97: 3.6 | B97: HSE Training (No. and Participants) | C97: No. | D97: 0 | E97: =SUM(D25,D49,D73,D97) -> 0 | F97: =E97 -> 0
A98: 3.7 | B98: Site HSE Reward / Recognition | C98: No. | D98: 0 | E98: =SUM(D26,D50,D74,D98) -> 0 | F98: =E98 -> 0
A99: 4 | B99: Others
A100: 4.1 | B100: Community / Public Complaints Received | C100: No. | D100: 0 | E100: =SUM(D28,D52,D76,D100) -> 0 | F100: =E100 -> 0
A101: 4.2 | B101: Learning from Incidents (LFI) shared | C101: No. | D101: 0 | E101: =SUM(D29,D53,D77,D101) -> 0 | F101: =E101 -> 0
A102: 4.3 | B102: GCP / AIP and close open actions | C102: Quarterly | D102: 0 | E102: =SUM(D30,D54,D78,D102) -> 0 | F102: =E102 -> 0
...

Sheet 2032
A1: HSE KPI | B1: HSE KPI | C1: HSE KPI | D1: HSE KPI | E1: HSE KPI | F1: HSE KPI | G1: HSE KPI
A2: Monthly HSE KPI source sheet for 2032 | B2: Monthly HSE KPI source sheet for 2032 | C2: Monthly HSE KPI source sheet for 2032 | D2: Monthly HSE KPI source sheet for 2032 | E2: Monthly HSE KPI source sheet for 2032 | F2: Monthly HSE KPI source sheet for 2032 | G2: Monthly HSE KPI source sheet for 2032
A4: Year | B4: 2032
E6: Input values in MA, YTD, & PTD cells only.
A7: Reporting Month | B7: January
A8: No. | B8: Parameter | C8: Unit | D8: Monthly Actual | E8: YTD | F8: Project to Date | G8: Remark
A9: 1 | B9: Exposure Hours / Vehicles | C9: No. | D9: 0 | E9: =SUM(D9) -> 0 | F9: =E9 -> 0
A10: 1.1 | B10: No. of Hours Worked [Exposure Hours] | C10: Hours | D10: 0 | E10: =SUM(D10) -> 0 | F10: =E10 -> 0
A11: 1.2 | B11: No. of Kilometres Driven | C11: Km | D11: 0 | E11: =SUM(D11) -> 0 | F11: =E11 -> 0
A12: 2 | B12: Lagging Indicators
A13: 2.1 | B13: Incidents / Accidents (Per Occurrence) | C13: No. | D13: 0 | E13: =SUM(D13) -> 0 | F13: =E13 -> 0
A14: 2.2 | B14: Number of Near-Misses | C14: No. | D14: 0 | E14: =SUM(D14) -> 0 | F14: =E14 -> 0
A15: 2.3 | B15: High Potential Incidents | C15: No. | D15: 0 | E15: =SUM(D15) -> 0 | F15: =E15 -> 0
A16: 2.4 | B16: Life Saving Rule (LSR) Violations | C16: No. | D16: 0 | E16: =SUM(D16) -> 0 | F16: =E16 -> 0
A17: 2.5 | B17: Number of TRCs (LTI / RWC / MTC / FAT) | C17: No. | D17: 0 | E17: =SUM(D17) -> 0 | F17: =E17 -> 0
A18: 2.6 | B18: Severe Motor Vehicle Incidents (MVI) | C18: No. | D18: 0 | E18: =SUM(D18) -> 0 | F18: =E18 -> 0
A19: 3 | B19: Leading Indicators
A20: 3.1 | B20: Site Observations / Unsafe Acts / Conditions | C20: No. | D20: 0 | E20: =SUM(D20) -> 0 | F20: =E20 -> 0
A21: 3.2 | B21: Site Inspections | C21: No. | D21: 0 | E21: =SUM(D21) -> 0 | F21: =E21 -> 0
A22: 3.3 | B22: Site HSE Meetings | C22: No. | D22: 0 | E22: =SUM(D22) -> 0 | F22: =E22 -> 0
A23: 3.4 | B23: Site Toolbox Talks | C23: No. | D23: 0 | E23: =SUM(D23) -> 0 | F23: =E23 -> 0
A24: 3.5 | B24: Management Visits / Walk-around | C24: No. | D24: 0 | E24: =SUM(D24) -> 0 | F24: =E24 -> 0
A25: 3.6 | B25: HSE Training (No. and Participants) | C25: No. | D25: 0 | E25: =SUM(D25) -> 0 | F25: =E25 -> 0
A26: 3.7 | B26: Site HSE Reward / Recognition | C26: No. | D26: 0 | E26: =SUM(D26) -> 0 | F26: =E26 -> 0
A27: 4 | B27: Others
A28: 4.1 | B28: Community / Public Complaints Received | C28: No. | D28: 0 | E28: =SUM(D28) -> 0 | F28: =E28 -> 0
A29: 4.2 | B29: Learning from Incidents (LFI) shared | C29: No. | D29: 0 | E29: =SUM(D29) -> 0 | F29: =E29 -> 0
A30: 4.3 | B30: GCP / AIP and close open actions | C30: Quarterly | D30: 0 | E30: =SUM(D30) -> 0 | F30: =E30 -> 0
A31: Reporting Month | B31: February
A32: No. | B32: Parameter | C32: Unit | D32: Monthly Actual | E32: YTD | F32: Project to Date | G32: Remark
A33: 1 | B33: Exposure Hours / Vehicles | C33: No. | D33: 0 | E33: =SUM(D9,D33) -> 0 | F33: =E33 -> 0
A34: 1.1 | B34: No. of Hours Worked [Exposure Hours] | C34: Hours | D34: 0 | E34: =SUM(D10,D34) -> 0 | F34: =E34 -> 0
A35: 1.2 | B35: No. of Kilometres Driven | C35: Km | D35: 0 | E35: =SUM(D11,D35) -> 0 | F35: =E35 -> 0
A36: 2 | B36: Lagging Indicators
A37: 2.1 | B37: Incidents / Accidents (Per Occurrence) | C37: No. | D37: 0 | E37: =SUM(D13,D37) -> 0 | F37: =E37 -> 0
A38: 2.2 | B38: Number of Near-Misses | C38: No. | D38: 0 | E38: =SUM(D14,D38) -> 0 | F38: =E38 -> 0
A39: 2.3 | B39: High Potential Incidents | C39: No. | D39: 0 | E39: =SUM(D15,D39) -> 0 | F39: =E39 -> 0
A40: 2.4 | B40: Life Saving Rule (LSR) Violations | C40: No. | D40: 0 | E40: =SUM(D16,D40) -> 0 | F40: =E40 -> 0
A41: 2.5 | B41: Number of TRCs (LTI / RWC / MTC / FAT) | C41: No. | D41: 0 | E41: =SUM(D17,D41) -> 0 | F41: =E41 -> 0
A42: 2.6 | B42: Severe Motor Vehicle Incidents (MVI) | C42: No. | D42: 0 | E42: =SUM(D18,D42) -> 0 | F42: =E42 -> 0
A43: 3 | B43: Leading Indicators
A44: 3.1 | B44: Site Observations / Unsafe Acts / Conditions | C44: No. | D44: 0 | E44: =SUM(D20,D44) -> 0 | F44: =E44 -> 0
A45: 3.2 | B45: Site Inspections | C45: No. | D45: 0 | E45: =SUM(D21,D45) -> 0 | F45: =E45 -> 0
A46: 3.3 | B46: Site HSE Meetings | C46: No. | D46: 0 | E46: =SUM(D22,D46) -> 0 | F46: =E46 -> 0
A47: 3.4 | B47: Site Toolbox Talks | C47: No. | D47: 0 | E47: =SUM(D23,D47) -> 0 | F47: =E47 -> 0
A48: 3.5 | B48: Management Visits / Walk-around | C48: No. | D48: 0 | E48: =SUM(D24,D48) -> 0 | F48: =E48 -> 0
A49: 3.6 | B49: HSE Training (No. and Participants) | C49: No. | D49: 0 | E49: =SUM(D25,D49) -> 0 | F49: =E49 -> 0
A50: 3.7 | B50: Site HSE Reward / Recognition | C50: No. | D50: 0 | E50: =SUM(D26,D50) -> 0 | F50: =E50 -> 0
A51: 4 | B51: Others
A52: 4.1 | B52: Community / Public Complaints Received | C52: No. | D52: 0 | E52: =SUM(D28,D52) -> 0 | F52: =E52 -> 0
A53: 4.2 | B53: Learning from Incidents (LFI) shared | C53: No. | D53: 0 | E53: =SUM(D29,D53) -> 0 | F53: =E53 -> 0
A54: 4.3 | B54: GCP / AIP and close open actions | C54: Quarterly | D54: 0 | E54: =SUM(D30,D54) -> 0 | F54: =E54 -> 0
A55: Reporting Month | B55: March
A56: No. | B56: Parameter | C56: Unit | D56: Monthly Actual | E56: YTD | F56: Project to Date | G56: Remark
A57: 1 | B57: Exposure Hours / Vehicles | C57: No. | D57: 0 | E57: =SUM(D9,D33,D57) -> 0 | F57: =E57 -> 0
A58: 1.1 | B58: No. of Hours Worked [Exposure Hours] | C58: Hours | D58: 0 | E58: =SUM(D10,D34,D58) -> 0 | F58: =E58 -> 0
A59: 1.2 | B59: No. of Kilometres Driven | C59: Km | D59: 0 | E59: =SUM(D11,D35,D59) -> 0 | F59: =E59 -> 0
A60: 2 | B60: Lagging Indicators
A61: 2.1 | B61: Incidents / Accidents (Per Occurrence) | C61: No. | D61: 0 | E61: =SUM(D13,D37,D61) -> 0 | F61: =E61 -> 0
A62: 2.2 | B62: Number of Near-Misses | C62: No. | D62: 0 | E62: =SUM(D14,D38,D62) -> 0 | F62: =E62 -> 0
A63: 2.3 | B63: High Potential Incidents | C63: No. | D63: 0 | E63: =SUM(D15,D39,D63) -> 0 | F63: =E63 -> 0
A64: 2.4 | B64: Life Saving Rule (LSR) Violations | C64: No. | D64: 0 | E64: =SUM(D16,D40,D64) -> 0 | F64: =E64 -> 0
A65: 2.5 | B65: Number of TRCs (LTI / RWC / MTC / FAT) | C65: No. | D65: 0 | E65: =SUM(D17,D41,D65) -> 0 | F65: =E65 -> 0
A66: 2.6 | B66: Severe Motor Vehicle Incidents (MVI) | C66: No. | D66: 0 | E66: =SUM(D18,D42,D66) -> 0 | F66: =E66 -> 0
A67: 3 | B67: Leading Indicators
A68: 3.1 | B68: Site Observations / Unsafe Acts / Conditions | C68: No. | D68: 0 | E68: =SUM(D20,D44,D68) -> 0 | F68: =E68 -> 0
A69: 3.2 | B69: Site Inspections | C69: No. | D69: 0 | E69: =SUM(D21,D45,D69) -> 0 | F69: =E69 -> 0
A70: 3.3 | B70: Site HSE Meetings | C70: No. | D70: 0 | E70: =SUM(D22,D46,D70) -> 0 | F70: =E70 -> 0
A71: 3.4 | B71: Site Toolbox Talks | C71: No. | D71: 0 | E71: =SUM(D23,D47,D71) -> 0 | F71: =E71 -> 0
A72: 3.5 | B72: Management Visits / Walk-around | C72: No. | D72: 0 | E72: =SUM(D24,D48,D72) -> 0 | F72: =E72 -> 0
A73: 3.6 | B73: HSE Training (No. and Participants) | C73: No. | D73: 0 | E73: =SUM(D25,D49,D73) -> 0 | F73: =E73 -> 0
A74: 3.7 | B74: Site HSE Reward / Recognition | C74: No. | D74: 0 | E74: =SUM(D26,D50,D74) -> 0 | F74: =E74 -> 0
A75: 4 | B75: Others
A76: 4.1 | B76: Community / Public Complaints Received | C76: No. | D76: 0 | E76: =SUM(D28,D52,D76) -> 0 | F76: =E76 -> 0
A77: 4.2 | B77: Learning from Incidents (LFI) shared | C77: No. | D77: 0 | E77: =SUM(D29,D53,D77) -> 0 | F77: =E77 -> 0
A78: 4.3 | B78: GCP / AIP and close open actions | C78: Quarterly | D78: 0 | E78: =SUM(D30,D54,D78) -> 0 | F78: =E78 -> 0
A79: Reporting Month | B79: April
A80: No. | B80: Parameter | C80: Unit | D80: Monthly Actual | E80: YTD | F80: Project to Date | G80: Remark
A81: 1 | B81: Exposure Hours / Vehicles | C81: No. | D81: 0 | E81: =SUM(D9,D33,D57,D81) -> 0 | F81: =E81 -> 0
A82: 1.1 | B82: No. of Hours Worked [Exposure Hours] | C82: Hours | D82: 0 | E82: =SUM(D10,D34,D58,D82) -> 0 | F82: =E82 -> 0
A83: 1.2 | B83: No. of Kilometres Driven | C83: Km | D83: 0 | E83: =SUM(D11,D35,D59,D83) -> 0 | F83: =E83 -> 0
A84: 2 | B84: Lagging Indicators
A85: 2.1 | B85: Incidents / Accidents (Per Occurrence) | C85: No. | D85: 0 | E85: =SUM(D13,D37,D61,D85) -> 0 | F85: =E85 -> 0
A86: 2.2 | B86: Number of Near-Misses | C86: No. | D86: 0 | E86: =SUM(D14,D38,D62,D86) -> 0 | F86: =E86 -> 0
A87: 2.3 | B87: High Potential Incidents | C87: No. | D87: 0 | E87: =SUM(D15,D39,D63,D87) -> 0 | F87: =E87 -> 0
A88: 2.4 | B88: Life Saving Rule (LSR) Violations | C88: No. | D88: 0 | E88: =SUM(D16,D40,D64,D88) -> 0 | F88: =E88 -> 0
A89: 2.5 | B89: Number of TRCs (LTI / RWC / MTC / FAT) | C89: No. | D89: 0 | E89: =SUM(D17,D41,D65,D89) -> 0 | F89: =E89 -> 0
A90: 2.6 | B90: Severe Motor Vehicle Incidents (MVI) | C90: No. | D90: 0 | E90: =SUM(D18,D42,D66,D90) -> 0 | F90: =E90 -> 0
A91: 3 | B91: Leading Indicators
A92: 3.1 | B92: Site Observations / Unsafe Acts / Conditions | C92: No. | D92: 0 | E92: =SUM(D20,D44,D68,D92) -> 0 | F92: =E92 -> 0
A93: 3.2 | B93: Site Inspections | C93: No. | D93: 0 | E93: =SUM(D21,D45,D69,D93) -> 0 | F93: =E93 -> 0
A94: 3.3 | B94: Site HSE Meetings | C94: No. | D94: 0 | E94: =SUM(D22,D46,D70,D94) -> 0 | F94: =E94 -> 0
A95: 3.4 | B95: Site Toolbox Talks | C95: No. | D95: 0 | E95: =SUM(D23,D47,D71,D95) -> 0 | F95: =E95 -> 0
A96: 3.5 | B96: Management Visits / Walk-around | C96: No. | D96: 0 | E96: =SUM(D24,D48,D72,D96) -> 0 | F96: =E96 -> 0
A97: 3.6 | B97: HSE Training (No. and Participants) | C97: No. | D97: 0 | E97: =SUM(D25,D49,D73,D97) -> 0 | F97: =E97 -> 0
A98: 3.7 | B98: Site HSE Reward / Recognition | C98: No. | D98: 0 | E98: =SUM(D26,D50,D74,D98) -> 0 | F98: =E98 -> 0
A99: 4 | B99: Others
A100: 4.1 | B100: Community / Public Complaints Received | C100: No. | D100: 0 | E100: =SUM(D28,D52,D76,D100) -> 0 | F100: =E100 -> 0
A101: 4.2 | B101: Learning from Incidents (LFI) shared | C101: No. | D101: 0 | E101: =SUM(D29,D53,D77,D101) -> 0 | F101: =E101 -> 0
A102: 4.3 | B102: GCP / AIP and close open actions | C102: Quarterly | D102: 0 | E102: =SUM(D30,D54,D78,D102) -> 0 | F102: =E102 -> 0
...

Sheet 2033
A1: HSE KPI | B1: HSE KPI | C1: HSE KPI | D1: HSE KPI | E1: HSE KPI | F1: HSE KPI | G1: HSE KPI
A2: Monthly HSE KPI source sheet for 2033 | B2: Monthly HSE KPI source sheet for 2033 | C2: Monthly HSE KPI source sheet for 2033 | D2: Monthly HSE KPI source sheet for 2033 | E2: Monthly HSE KPI source sheet for 2033 | F2: Monthly HSE KPI source sheet for 2033 | G2: Monthly HSE KPI source sheet for 2033
A4: Year | B4: 2033
E6: Input values in MA, YTD, & PTD cells only.
A7: Reporting Month | B7: January
A8: No. | B8: Parameter | C8: Unit | D8: Monthly Actual | E8: YTD | F8: Project to Date | G8: Remark
A9: 1 | B9: Exposure Hours / Vehicles | C9: No. | D9: 0 | E9: =SUM(D9) -> 0 | F9: =E9 -> 0
A10: 1.1 | B10: No. of Hours Worked [Exposure Hours] | C10: Hours | D10: 0 | E10: =SUM(D10) -> 0 | F10: =E10 -> 0
A11: 1.2 | B11: No. of Kilometres Driven | C11: Km | D11: 0 | E11: =SUM(D11) -> 0 | F11: =E11 -> 0
A12: 2 | B12: Lagging Indicators
A13: 2.1 | B13: Incidents / Accidents (Per Occurrence) | C13: No. | D13: 0 | E13: =SUM(D13) -> 0 | F13: =E13 -> 0
A14: 2.2 | B14: Number of Near-Misses | C14: No. | D14: 0 | E14: =SUM(D14) -> 0 | F14: =E14 -> 0
A15: 2.3 | B15: High Potential Incidents | C15: No. | D15: 0 | E15: =SUM(D15) -> 0 | F15: =E15 -> 0
A16: 2.4 | B16: Life Saving Rule (LSR) Violations | C16: No. | D16: 0 | E16: =SUM(D16) -> 0 | F16: =E16 -> 0
A17: 2.5 | B17: Number of TRCs (LTI / RWC / MTC / FAT) | C17: No. | D17: 0 | E17: =SUM(D17) -> 0 | F17: =E17 -> 0
A18: 2.6 | B18: Severe Motor Vehicle Incidents (MVI) | C18: No. | D18: 0 | E18: =SUM(D18) -> 0 | F18: =E18 -> 0
A19: 3 | B19: Leading Indicators
A20: 3.1 | B20: Site Observations / Unsafe Acts / Conditions | C20: No. | D20: 0 | E20: =SUM(D20) -> 0 | F20: =E20 -> 0
A21: 3.2 | B21: Site Inspections | C21: No. | D21: 0 | E21: =SUM(D21) -> 0 | F21: =E21 -> 0
A22: 3.3 | B22: Site HSE Meetings | C22: No. | D22: 0 | E22: =SUM(D22) -> 0 | F22: =E22 -> 0
A23: 3.4 | B23: Site Toolbox Talks | C23: No. | D23: 0 | E23: =SUM(D23) -> 0 | F23: =E23 -> 0
A24: 3.5 | B24: Management Visits / Walk-around | C24: No. | D24: 0 | E24: =SUM(D24) -> 0 | F24: =E24 -> 0
A25: 3.6 | B25: HSE Training (No. and Participants) | C25: No. | D25: 0 | E25: =SUM(D25) -> 0 | F25: =E25 -> 0
A26: 3.7 | B26: Site HSE Reward / Recognition | C26: No. | D26: 0 | E26: =SUM(D26) -> 0 | F26: =E26 -> 0
A27: 4 | B27: Others
A28: 4.1 | B28: Community / Public Complaints Received | C28: No. | D28: 0 | E28: =SUM(D28) -> 0 | F28: =E28 -> 0
A29: 4.2 | B29: Learning from Incidents (LFI) shared | C29: No. | D29: 0 | E29: =SUM(D29) -> 0 | F29: =E29 -> 0
A30: 4.3 | B30: GCP / AIP and close open actions | C30: Quarterly | D30: 0 | E30: =SUM(D30) -> 0 | F30: =E30 -> 0
A31: Reporting Month | B31: February
A32: No. | B32: Parameter | C32: Unit | D32: Monthly Actual | E32: YTD | F32: Project to Date | G32: Remark
A33: 1 | B33: Exposure Hours / Vehicles | C33: No. | D33: 0 | E33: =SUM(D9,D33) -> 0 | F33: =E33 -> 0
A34: 1.1 | B34: No. of Hours Worked [Exposure Hours] | C34: Hours | D34: 0 | E34: =SUM(D10,D34) -> 0 | F34: =E34 -> 0
A35: 1.2 | B35: No. of Kilometres Driven | C35: Km | D35: 0 | E35: =SUM(D11,D35) -> 0 | F35: =E35 -> 0
A36: 2 | B36: Lagging Indicators
A37: 2.1 | B37: Incidents / Accidents (Per Occurrence) | C37: No. | D37: 0 | E37: =SUM(D13,D37) -> 0 | F37: =E37 -> 0
A38: 2.2 | B38: Number of Near-Misses | C38: No. | D38: 0 | E38: =SUM(D14,D38) -> 0 | F38: =E38 -> 0
A39: 2.3 | B39: High Potential Incidents | C39: No. | D39: 0 | E39: =SUM(D15,D39) -> 0 | F39: =E39 -> 0
A40: 2.4 | B40: Life Saving Rule (LSR) Violations | C40: No. | D40: 0 | E40: =SUM(D16,D40) -> 0 | F40: =E40 -> 0
A41: 2.5 | B41: Number of TRCs (LTI / RWC / MTC / FAT) | C41: No. | D41: 0 | E41: =SUM(D17,D41) -> 0 | F41: =E41 -> 0
A42: 2.6 | B42: Severe Motor Vehicle Incidents (MVI) | C42: No. | D42: 0 | E42: =SUM(D18,D42) -> 0 | F42: =E42 -> 0
A43: 3 | B43: Leading Indicators
A44: 3.1 | B44: Site Observations / Unsafe Acts / Conditions | C44: No. | D44: 0 | E44: =SUM(D20,D44) -> 0 | F44: =E44 -> 0
A45: 3.2 | B45: Site Inspections | C45: No. | D45: 0 | E45: =SUM(D21,D45) -> 0 | F45: =E45 -> 0
A46: 3.3 | B46: Site HSE Meetings | C46: No. | D46: 0 | E46: =SUM(D22,D46) -> 0 | F46: =E46 -> 0
A47: 3.4 | B47: Site Toolbox Talks | C47: No. | D47: 0 | E47: =SUM(D23,D47) -> 0 | F47: =E47 -> 0
A48: 3.5 | B48: Management Visits / Walk-around | C48: No. | D48: 0 | E48: =SUM(D24,D48) -> 0 | F48: =E48 -> 0
A49: 3.6 | B49: HSE Training (No. and Participants) | C49: No. | D49: 0 | E49: =SUM(D25,D49) -> 0 | F49: =E49 -> 0
A50: 3.7 | B50: Site HSE Reward / Recognition | C50: No. | D50: 0 | E50: =SUM(D26,D50) -> 0 | F50: =E50 -> 0
A51: 4 | B51: Others
A52: 4.1 | B52: Community / Public Complaints Received | C52: No. | D52: 0 | E52: =SUM(D28,D52) -> 0 | F52: =E52 -> 0
A53: 4.2 | B53: Learning from Incidents (LFI) shared | C53: No. | D53: 0 | E53: =SUM(D29,D53) -> 0 | F53: =E53 -> 0
A54: 4.3 | B54: GCP / AIP and close open actions | C54: Quarterly | D54: 0 | E54: =SUM(D30,D54) -> 0 | F54: =E54 -> 0
A55: Reporting Month | B55: March
A56: No. | B56: Parameter | C56: Unit | D56: Monthly Actual | E56: YTD | F56: Project to Date | G56: Remark
A57: 1 | B57: Exposure Hours / Vehicles | C57: No. | D57: 0 | E57: =SUM(D9,D33,D57) -> 0 | F57: =E57 -> 0
A58: 1.1 | B58: No. of Hours Worked [Exposure Hours] | C58: Hours | D58: 0 | E58: =SUM(D10,D34,D58) -> 0 | F58: =E58 -> 0
A59: 1.2 | B59: No. of Kilometres Driven | C59: Km | D59: 0 | E59: =SUM(D11,D35,D59) -> 0 | F59: =E59 -> 0
A60: 2 | B60: Lagging Indicators
A61: 2.1 | B61: Incidents / Accidents (Per Occurrence) | C61: No. | D61: 0 | E61: =SUM(D13,D37,D61) -> 0 | F61: =E61 -> 0
A62: 2.2 | B62: Number of Near-Misses | C62: No. | D62: 0 | E62: =SUM(D14,D38,D62) -> 0 | F62: =E62 -> 0
A63: 2.3 | B63: High Potential Incidents | C63: No. | D63: 0 | E63: =SUM(D15,D39,D63) -> 0 | F63: =E63 -> 0
A64: 2.4 | B64: Life Saving Rule (LSR) Violations | C64: No. | D64: 0 | E64: =SUM(D16,D40,D64) -> 0 | F64: =E64 -> 0
A65: 2.5 | B65: Number of TRCs (LTI / RWC / MTC / FAT) | C65: No. | D65: 0 | E65: =SUM(D17,D41,D65) -> 0 | F65: =E65 -> 0
A66: 2.6 | B66: Severe Motor Vehicle Incidents (MVI) | C66: No. | D66: 0 | E66: =SUM(D18,D42,D66) -> 0 | F66: =E66 -> 0
A67: 3 | B67: Leading Indicators
A68: 3.1 | B68: Site Observations / Unsafe Acts / Conditions | C68: No. | D68: 0 | E68: =SUM(D20,D44,D68) -> 0 | F68: =E68 -> 0
A69: 3.2 | B69: Site Inspections | C69: No. | D69: 0 | E69: =SUM(D21,D45,D69) -> 0 | F69: =E69 -> 0
A70: 3.3 | B70: Site HSE Meetings | C70: No. | D70: 0 | E70: =SUM(D22,D46,D70) -> 0 | F70: =E70 -> 0
A71: 3.4 | B71: Site Toolbox Talks | C71: No. | D71: 0 | E71: =SUM(D23,D47,D71) -> 0 | F71: =E71 -> 0
A72: 3.5 | B72: Management Visits / Walk-around | C72: No. | D72: 0 | E72: =SUM(D24,D48,D72) -> 0 | F72: =E72 -> 0
A73: 3.6 | B73: HSE Training (No. and Participants) | C73: No. | D73: 0 | E73: =SUM(D25,D49,D73) -> 0 | F73: =E73 -> 0
A74: 3.7 | B74: Site HSE Reward / Recognition | C74: No. | D74: 0 | E74: =SUM(D26,D50,D74) -> 0 | F74: =E74 -> 0
A75: 4 | B75: Others
A76: 4.1 | B76: Community / Public Complaints Received | C76: No. | D76: 0 | E76: =SUM(D28,D52,D76) -> 0 | F76: =E76 -> 0
A77: 4.2 | B77: Learning from Incidents (LFI) shared | C77: No. | D77: 0 | E77: =SUM(D29,D53,D77) -> 0 | F77: =E77 -> 0
A78: 4.3 | B78: GCP / AIP and close open actions | C78: Quarterly | D78: 0 | E78: =SUM(D30,D54,D78) -> 0 | F78: =E78 -> 0
A79: Reporting Month | B79: April
A80: No. | B80: Parameter | C80: Unit | D80: Monthly Actual | E80: YTD | F80: Project to Date | G80: Remark
A81: 1 | B81: Exposure Hours / Vehicles | C81: No. | D81: 0 | E81: =SUM(D9,D33,D57,D81) -> 0 | F81: =E81 -> 0
A82: 1.1 | B82: No. of Hours Worked [Exposure Hours] | C82: Hours | D82: 0 | E82: =SUM(D10,D34,D58,D82) -> 0 | F82: =E82 -> 0
A83: 1.2 | B83: No. of Kilometres Driven | C83: Km | D83: 0 | E83: =SUM(D11,D35,D59,D83) -> 0 | F83: =E83 -> 0
A84: 2 | B84: Lagging Indicators
A85: 2.1 | B85: Incidents / Accidents (Per Occurrence) | C85: No. | D85: 0 | E85: =SUM(D13,D37,D61,D85) -> 0 | F85: =E85 -> 0
A86: 2.2 | B86: Number of Near-Misses | C86: No. | D86: 0 | E86: =SUM(D14,D38,D62,D86) -> 0 | F86: =E86 -> 0
A87: 2.3 | B87: High Potential Incidents | C87: No. | D87: 0 | E87: =SUM(D15,D39,D63,D87) -> 0 | F87: =E87 -> 0
A88: 2.4 | B88: Life Saving Rule (LSR) Violations | C88: No. | D88: 0 | E88: =SUM(D16,D40,D64,D88) -> 0 | F88: =E88 -> 0
A89: 2.5 | B89: Number of TRCs (LTI / RWC / MTC / FAT) | C89: No. | D89: 0 | E89: =SUM(D17,D41,D65,D89) -> 0 | F89: =E89 -> 0
A90: 2.6 | B90: Severe Motor Vehicle Incidents (MVI) | C90: No. | D90: 0 | E90: =SUM(D18,D42,D66,D90) -> 0 | F90: =E90 -> 0
A91: 3 | B91: Leading Indicators
A92: 3.1 | B92: Site Observations / Unsafe Acts / Conditions | C92: No. | D92: 0 | E92: =SUM(D20,D44,D68,D92) -> 0 | F92: =E92 -> 0
A93: 3.2 | B93: Site Inspections | C93: No. | D93: 0 | E93: =SUM(D21,D45,D69,D93) -> 0 | F93: =E93 -> 0
A94: 3.3 | B94: Site HSE Meetings | C94: No. | D94: 0 | E94: =SUM(D22,D46,D70,D94) -> 0 | F94: =E94 -> 0
A95: 3.4 | B95: Site Toolbox Talks | C95: No. | D95: 0 | E95: =SUM(D23,D47,D71,D95) -> 0 | F95: =E95 -> 0
A96: 3.5 | B96: Management Visits / Walk-around | C96: No. | D96: 0 | E96: =SUM(D24,D48,D72,D96) -> 0 | F96: =E96 -> 0
A97: 3.6 | B97: HSE Training (No. and Participants) | C97: No. | D97: 0 | E97: =SUM(D25,D49,D73,D97) -> 0 | F97: =E97 -> 0
A98: 3.7 | B98: Site HSE Reward / Recognition | C98: No. | D98: 0 | E98: =SUM(D26,D50,D74,D98) -> 0 | F98: =E98 -> 0
A99: 4 | B99: Others
A100: 4.1 | B100: Community / Public Complaints Received | C100: No. | D100: 0 | E100: =SUM(D28,D52,D76,D100) -> 0 | F100: =E100 -> 0
A101: 4.2 | B101: Learning from Incidents (LFI) shared | C101: No. | D101: 0 | E101: =SUM(D29,D53,D77,D101) -> 0 | F101: =E101 -> 0
A102: 4.3 | B102: GCP / AIP and close open actions | C102: Quarterly | D102: 0 | E102: =SUM(D30,D54,D78,D102) -> 0 | F102: =E102 -> 0
...

Sheet 2034
A1: HSE KPI | B1: HSE KPI | C1: HSE KPI | D1: HSE KPI | E1: HSE KPI | F1: HSE KPI | G1: HSE KPI
A2: Monthly HSE KPI source sheet for 2034 | B2: Monthly HSE KPI source sheet for 2034 | C2: Monthly HSE KPI source sheet for 2034 | D2: Monthly HSE KPI source sheet for 2034 | E2: Monthly HSE KPI source sheet for 2034 | F2: Monthly HSE KPI source sheet for 2034 | G2: Monthly HSE KPI source sheet for 2034
A4: Year | B4: 2034
E6: Input values in MA, YTD, & PTD cells only.
A7: Reporting Month | B7: January
A8: No. | B8: Parameter | C8: Unit | D8: Monthly Actual | E8: YTD | F8: Project to Date | G8: Remark
A9: 1 | B9: Exposure Hours / Vehicles | C9: No. | D9: 0 | E9: =SUM(D9) -> 0 | F9: =E9 -> 0
A10: 1.1 | B10: No. of Hours Worked [Exposure Hours] | C10: Hours | D10: 0 | E10: =SUM(D10) -> 0 | F10: =E10 -> 0
A11: 1.2 | B11: No. of Kilometres Driven | C11: Km | D11: 0 | E11: =SUM(D11) -> 0 | F11: =E11 -> 0
A12: 2 | B12: Lagging Indicators
A13: 2.1 | B13: Incidents / Accidents (Per Occurrence) | C13: No. | D13: 0 | E13: =SUM(D13) -> 0 | F13: =E13 -> 0
A14: 2.2 | B14: Number of Near-Misses | C14: No. | D14: 0 | E14: =SUM(D14) -> 0 | F14: =E14 -> 0
A15: 2.3 | B15: High Potential Incidents | C15: No. | D15: 0 | E15: =SUM(D15) -> 0 | F15: =E15 -> 0
A16: 2.4 | B16: Life Saving Rule (LSR) Violations | C16: No. | D16: 0 | E16: =SUM(D16) -> 0 | F16: =E16 -> 0
A17: 2.5 | B17: Number of TRCs (LTI / RWC / MTC / FAT) | C17: No. | D17: 0 | E17: =SUM(D17) -> 0 | F17: =E17 -> 0
A18: 2.6 | B18: Severe Motor Vehicle Incidents (MVI) | C18: No. | D18: 0 | E18: =SUM(D18) -> 0 | F18: =E18 -> 0
A19: 3 | B19: Leading Indicators
A20: 3.1 | B20: Site Observations / Unsafe Acts / Conditions | C20: No. | D20: 0 | E20: =SUM(D20) -> 0 | F20: =E20 -> 0
A21: 3.2 | B21: Site Inspections | C21: No. | D21: 0 | E21: =SUM(D21) -> 0 | F21: =E21 -> 0
A22: 3.3 | B22: Site HSE Meetings | C22: No. | D22: 0 | E22: =SUM(D22) -> 0 | F22: =E22 -> 0
A23: 3.4 | B23: Site Toolbox Talks | C23: No. | D23: 0 | E23: =SUM(D23) -> 0 | F23: =E23 -> 0
A24: 3.5 | B24: Management Visits / Walk-around | C24: No. | D24: 0 | E24: =SUM(D24) -> 0 | F24: =E24 -> 0
A25: 3.6 | B25: HSE Training (No. and Participants) | C25: No. | D25: 0 | E25: =SUM(D25) -> 0 | F25: =E25 -> 0
A26: 3.7 | B26: Site HSE Reward / Recognition | C26: No. | D26: 0 | E26: =SUM(D26) -> 0 | F26: =E26 -> 0
A27: 4 | B27: Others
A28: 4.1 | B28: Community / Public Complaints Received | C28: No. | D28: 0 | E28: =SUM(D28) -> 0 | F28: =E28 -> 0
A29: 4.2 | B29: Learning from Incidents (LFI) shared | C29: No. | D29: 0 | E29: =SUM(D29) -> 0 | F29: =E29 -> 0
A30: 4.3 | B30: GCP / AIP and close open actions | C30: Quarterly | D30: 0 | E30: =SUM(D30) -> 0 | F30: =E30 -> 0
A31: Reporting Month | B31: February
A32: No. | B32: Parameter | C32: Unit | D32: Monthly Actual | E32: YTD | F32: Project to Date | G32: Remark
A33: 1 | B33: Exposure Hours / Vehicles | C33: No. | D33: 0 | E33: =SUM(D9,D33) -> 0 | F33: =E33 -> 0
A34: 1.1 | B34: No. of Hours Worked [Exposure Hours] | C34: Hours | D34: 0 | E34: =SUM(D10,D34) -> 0 | F34: =E34 -> 0
A35: 1.2 | B35: No. of Kilometres Driven | C35: Km | D35: 0 | E35: =SUM(D11,D35) -> 0 | F35: =E35 -> 0
A36: 2 | B36: Lagging Indicators
A37: 2.1 | B37: Incidents / Accidents (Per Occurrence) | C37: No. | D37: 0 | E37: =SUM(D13,D37) -> 0 | F37: =E37 -> 0
A38: 2.2 | B38: Number of Near-Misses | C38: No. | D38: 0 | E38: =SUM(D14,D38) -> 0 | F38: =E38 -> 0
A39: 2.3 | B39: High Potential Incidents | C39: No. | D39: 0 | E39: =SUM(D15,D39) -> 0 | F39: =E39 -> 0
A40: 2.4 | B40: Life Saving Rule (LSR) Violations | C40: No. | D40: 0 | E40: =SUM(D16,D40) -> 0 | F40: =E40 -> 0
A41: 2.5 | B41: Number of TRCs (LTI / RWC / MTC / FAT) | C41: No. | D41: 0 | E41: =SUM(D17,D41) -> 0 | F41: =E41 -> 0
A42: 2.6 | B42: Severe Motor Vehicle Incidents (MVI) | C42: No. | D42: 0 | E42: =SUM(D18,D42) -> 0 | F42: =E42 -> 0
A43: 3 | B43: Leading Indicators
A44: 3.1 | B44: Site Observations / Unsafe Acts / Conditions | C44: No. | D44: 0 | E44: =SUM(D20,D44) -> 0 | F44: =E44 -> 0
A45: 3.2 | B45: Site Inspections | C45: No. | D45: 0 | E45: =SUM(D21,D45) -> 0 | F45: =E45 -> 0
A46: 3.3 | B46: Site HSE Meetings | C46: No. | D46: 0 | E46: =SUM(D22,D46) -> 0 | F46: =E46 -> 0
A47: 3.4 | B47: Site Toolbox Talks | C47: No. | D47: 0 | E47: =SUM(D23,D47) -> 0 | F47: =E47 -> 0
A48: 3.5 | B48: Management Visits / Walk-around | C48: No. | D48: 0 | E48: =SUM(D24,D48) -> 0 | F48: =E48 -> 0
A49: 3.6 | B49: HSE Training (No. and Participants) | C49: No. | D49: 0 | E49: =SUM(D25,D49) -> 0 | F49: =E49 -> 0
A50: 3.7 | B50: Site HSE Reward / Recognition | C50: No. | D50: 0 | E50: =SUM(D26,D50) -> 0 | F50: =E50 -> 0
A51: 4 | B51: Others
A52: 4.1 | B52: Community / Public Complaints Received | C52: No. | D52: 0 | E52: =SUM(D28,D52) -> 0 | F52: =E52 -> 0
A53: 4.2 | B53: Learning from Incidents (LFI) shared | C53: No. | D53: 0 | E53: =SUM(D29,D53) -> 0 | F53: =E53 -> 0
A54: 4.3 | B54: GCP / AIP and close open actions | C54: Quarterly | D54: 0 | E54: =SUM(D30,D54) -> 0 | F54: =E54 -> 0
A55: Reporting Month | B55: March
A56: No. | B56: Parameter | C56: Unit | D56: Monthly Actual | E56: YTD | F56: Project to Date | G56: Remark
A57: 1 | B57: Exposure Hours / Vehicles | C57: No. | D57: 0 | E57: =SUM(D9,D33,D57) -> 0 | F57: =E57 -> 0
A58: 1.1 | B58: No. of Hours Worked [Exposure Hours] | C58: Hours | D58: 0 | E58: =SUM(D10,D34,D58) -> 0 | F58: =E58 -> 0
A59: 1.2 | B59: No. of Kilometres Driven | C59: Km | D59: 0 | E59: =SUM(D11,D35,D59) -> 0 | F59: =E59 -> 0
A60: 2 | B60: Lagging Indicators
A61: 2.1 | B61: Incidents / Accidents (Per Occurrence) | C61: No. | D61: 0 | E61: =SUM(D13,D37,D61) -> 0 | F61: =E61 -> 0
A62: 2.2 | B62: Number of Near-Misses | C62: No. | D62: 0 | E62: =SUM(D14,D38,D62) -> 0 | F62: =E62 -> 0
A63: 2.3 | B63: High Potential Incidents | C63: No. | D63: 0 | E63: =SUM(D15,D39,D63) -> 0 | F63: =E63 -> 0
A64: 2.4 | B64: Life Saving Rule (LSR) Violations | C64: No. | D64: 0 | E64: =SUM(D16,D40,D64) -> 0 | F64: =E64 -> 0
A65: 2.5 | B65: Number of TRCs (LTI / RWC / MTC / FAT) | C65: No. | D65: 0 | E65: =SUM(D17,D41,D65) -> 0 | F65: =E65 -> 0
A66: 2.6 | B66: Severe Motor Vehicle Incidents (MVI) | C66: No. | D66: 0 | E66: =SUM(D18,D42,D66) -> 0 | F66: =E66 -> 0
A67: 3 | B67: Leading Indicators
A68: 3.1 | B68: Site Observations / Unsafe Acts / Conditions | C68: No. | D68: 0 | E68: =SUM(D20,D44,D68) -> 0 | F68: =E68 -> 0
A69: 3.2 | B69: Site Inspections | C69: No. | D69: 0 | E69: =SUM(D21,D45,D69) -> 0 | F69: =E69 -> 0
A70: 3.3 | B70: Site HSE Meetings | C70: No. | D70: 0 | E70: =SUM(D22,D46,D70) -> 0 | F70: =E70 -> 0
A71: 3.4 | B71: Site Toolbox Talks | C71: No. | D71: 0 | E71: =SUM(D23,D47,D71) -> 0 | F71: =E71 -> 0
A72: 3.5 | B72: Management Visits / Walk-around | C72: No. | D72: 0 | E72: =SUM(D24,D48,D72) -> 0 | F72: =E72 -> 0
A73: 3.6 | B73: HSE Training (No. and Participants) | C73: No. | D73: 0 | E73: =SUM(D25,D49,D73) -> 0 | F73: =E73 -> 0
A74: 3.7 | B74: Site HSE Reward / Recognition | C74: No. | D74: 0 | E74: =SUM(D26,D50,D74) -> 0 | F74: =E74 -> 0
A75: 4 | B75: Others
A76: 4.1 | B76: Community / Public Complaints Received | C76: No. | D76: 0 | E76: =SUM(D28,D52,D76) -> 0 | F76: =E76 -> 0
A77: 4.2 | B77: Learning from Incidents (LFI) shared | C77: No. | D77: 0 | E77: =SUM(D29,D53,D77) -> 0 | F77: =E77 -> 0
A78: 4.3 | B78: GCP / AIP and close open actions | C78: Quarterly | D78: 0 | E78: =SUM(D30,D54,D78) -> 0 | F78: =E78 -> 0
A79: Reporting Month | B79: April
A80: No. | B80: Parameter | C80: Unit | D80: Monthly Actual | E80: YTD | F80: Project to Date | G80: Remark
A81: 1 | B81: Exposure Hours / Vehicles | C81: No. | D81: 0 | E81: =SUM(D9,D33,D57,D81) -> 0 | F81: =E81 -> 0
A82: 1.1 | B82: No. of Hours Worked [Exposure Hours] | C82: Hours | D82: 0 | E82: =SUM(D10,D34,D58,D82) -> 0 | F82: =E82 -> 0
A83: 1.2 | B83: No. of Kilometres Driven | C83: Km | D83: 0 | E83: =SUM(D11,D35,D59,D83) -> 0 | F83: =E83 -> 0
A84: 2 | B84: Lagging Indicators
A85: 2.1 | B85: Incidents / Accidents (Per Occurrence) | C85: No. | D85: 0 | E85: =SUM(D13,D37,D61,D85) -> 0 | F85: =E85 -> 0
A86: 2.2 | B86: Number of Near-Misses | C86: No. | D86: 0 | E86: =SUM(D14,D38,D62,D86) -> 0 | F86: =E86 -> 0
A87: 2.3 | B87: High Potential Incidents | C87: No. | D87: 0 | E87: =SUM(D15,D39,D63,D87) -> 0 | F87: =E87 -> 0
A88: 2.4 | B88: Life Saving Rule (LSR) Violations | C88: No. | D88: 0 | E88: =SUM(D16,D40,D64,D88) -> 0 | F88: =E88 -> 0
A89: 2.5 | B89: Number of TRCs (LTI / RWC / MTC / FAT) | C89: No. | D89: 0 | E89: =SUM(D17,D41,D65,D89) -> 0 | F89: =E89 -> 0
A90: 2.6 | B90: Severe Motor Vehicle Incidents (MVI) | C90: No. | D90: 0 | E90: =SUM(D18,D42,D66,D90) -> 0 | F90: =E90 -> 0
A91: 3 | B91: Leading Indicators
A92: 3.1 | B92: Site Observations / Unsafe Acts / Conditions | C92: No. | D92: 0 | E92: =SUM(D20,D44,D68,D92) -> 0 | F92: =E92 -> 0
A93: 3.2 | B93: Site Inspections | C93: No. | D93: 0 | E93: =SUM(D21,D45,D69,D93) -> 0 | F93: =E93 -> 0
A94: 3.3 | B94: Site HSE Meetings | C94: No. | D94: 0 | E94: =SUM(D22,D46,D70,D94) -> 0 | F94: =E94 -> 0
A95: 3.4 | B95: Site Toolbox Talks | C95: No. | D95: 0 | E95: =SUM(D23,D47,D71,D95) -> 0 | F95: =E95 -> 0
A96: 3.5 | B96: Management Visits / Walk-around | C96: No. | D96: 0 | E96: =SUM(D24,D48,D72,D96) -> 0 | F96: =E96 -> 0
A97: 3.6 | B97: HSE Training (No. and Participants) | C97: No. | D97: 0 | E97: =SUM(D25,D49,D73,D97) -> 0 | F97: =E97 -> 0
A98: 3.7 | B98: Site HSE Reward / Recognition | C98: No. | D98: 0 | E98: =SUM(D26,D50,D74,D98) -> 0 | F98: =E98 -> 0
A99: 4 | B99: Others
A100: 4.1 | B100: Community / Public Complaints Received | C100: No. | D100: 0 | E100: =SUM(D28,D52,D76,D100) -> 0 | F100: =E100 -> 0
A101: 4.2 | B101: Learning from Incidents (LFI) shared | C101: No. | D101: 0 | E101: =SUM(D29,D53,D77,D101) -> 0 | F101: =E101 -> 0
A102: 4.3 | B102: GCP / AIP and close open actions | C102: Quarterly | D102: 0 | E102: =SUM(D30,D54,D78,D102) -> 0 | F102: =E102 -> 0
...

Sheet KPI_TARGETS
A1: KPI Targets | B1: KPI Targets | C1: KPI Targets | D1: KPI Targets | E1: KPI Targets | F1: KPI Targets | G1: KPI Targets | H1: KPI Targets | I1: KPI Targets | J1: KPI Targets | K1: KPI Targets | L1: KPI Targets | M1: KPI Targets | N1: KPI Targets | O1: KPI Targets | P1: KPI Targets | Q1: KPI Targets | R1: KPI Targets | S1: KPI Targets
A2: Enter default monthly targets or year-specific monthly targets in the blue cells; all achievement, status and variance logic updates automatically. | B2: Enter default monthly targets or year-specific monthly targets in the blue cells; all achievement, status and variance logic updates automatically. | C2: Enter default monthly targets or year-specific monthly targets in the blue cells; all achievement, status and variance logic updates automatically. | D2: Enter default monthly targets or year-specific monthly targets in the blue cells; all achievement, status and variance logic updates automatically. | E2: Enter default monthly targets or year-specific monthly targets in the blue cells; all achievement, status and variance logic updates automatically. | F2: Enter default monthly targets or year-specific monthly targets in the blue cells; all achievement, status and variance logic updates automatically. | G2: Enter default monthly targets or year-specific monthly targets in the blue cells; all achievement, status and variance logic updates automatically. | H2: Enter default monthly targets or year-specific monthly targets in the blue cells; all achievement, status and variance logic updates automatically. | I2: Enter default monthly targets or year-specific monthly targets in the blue cells; all achievement, status and variance logic updates automatically. | J2: Enter default monthly targets or year-specific monthly targets in the blue cells; all achievement, status and variance logic updates automatically. | K2: Enter default monthly targets or year-specific monthly targets in the blue cells; all achievement, status and variance logic updates automatically. | L2: Enter default monthly targets or year-specific monthly targets in the blue cells; all achievement, status and variance logic updates automatically. | M2: Enter default monthly targets or year-specific monthly targets in the blue cells; all achievement, status and variance logic updates automatically. | N2: Enter default monthly targets or year-specific monthly targets in the blue cells; all achievement, status and variance logic updates automatically. | O2: Enter default monthly targets or year-specific monthly targets in the blue cells; all achievement, status and variance logic updates automatically. | P2: Enter default monthly targets or year-specific monthly targets in the blue cells; all achievement, status and variance logic updates automatically. | Q2: Enter default monthly targets or year-specific monthly targets in the blue cells; all achievement, status and variance logic updates automatically. | R2: Enter default monthly targets or year-specific monthly targets in the blue cells; all achievement, status and variance logic updates automatically. | S2: Enter default monthly targets or year-specific monthly targets in the blue cells; all achievement, status and variance logic updates automatically.
A4: No. | B4: Category | C4: Parameter | D4: Unit | E4: Direction | F4: Default Monthly Target | G4: =SETTINGS!A15 -> 2025 | H4: =SETTINGS!A16 -> 2026 | I4: =SETTINGS!A17 -> 2027 | J4: =SETTINGS!A18 -> 2028 | K4: =SETTINGS!A19 -> 2029 | L4: =SETTINGS!A20 -> 2030 | M4: =SETTINGS!A21 -> 2031 | N4: =SETTINGS!A22 -> 2032 | O4: =SETTINGS!A23 -> 2033 | P4: =SETTINGS!A24 -> 2034 | Q4: Suggested Monthly Target | R4: Target Status | S4: Notes
A5: 1 | B5: Exposure | C5: Exposure Hours / Vehicles | D5: No. | E5: Higher is better | F5: 104 | G5: 104 | H5: 104 | Q5: =IF($E5="Lower is better",0,IFERROR(MAX(1,ROUNDUP(AVERAGEIFS(KPI_DATA!$L$2:$L$2281,KPI_DATA!$J$2:$J$2281,$C5,KPI_DATA!$L$2:$L$2281,">0",KPI_DATA!$C$2:$C$2281,"Yes"),0)),0)) -> 0 | R5: =IF(COUNTA($F5:$P5)=0,"Target Needed",IF(COUNT($G5:$P5)>0,"Year Targets Ready","Default Only")) -> Year Targets Ready | S5: Default applies to every year unless a year column is filled. Target is the expected minimum monthly value.
A6: 1.1 | B6: Exposure | C6: No. of Hours Worked [Exposure Hours] | D6: Hours | E6: Higher is better | F6: 4000 | G6: 4000 | H6: 4000 | Q6: =IF($E6="Lower is better",0,IFERROR(MAX(1,ROUNDUP(AVERAGEIFS(KPI_DATA!$L$2:$L$2281,KPI_DATA!$J$2:$J$2281,$C6,KPI_DATA!$L$2:$L$2281,">0",KPI_DATA!$C$2:$C$2281,"Yes"),0)),0)) -> 5814 | R6: =IF(COUNTA($F6:$P6)=0,"Target Needed",IF(COUNT($G6:$P6)>0,"Year Targets Ready","Default Only")) -> Year Targets Ready | S6: Default applies to every year unless a year column is filled. Target is the expected minimum monthly value.
A7: 1.2 | B7: Exposure | C7: No. of Kilometres Driven | D7: Km | E7: Higher is better | F7: 8000 | G7: 8000 | H7: 8000 | Q7: =IF($E7="Lower is better",0,IFERROR(MAX(1,ROUNDUP(AVERAGEIFS(KPI_DATA!$L$2:$L$2281,KPI_DATA!$J$2:$J$2281,$C7,KPI_DATA!$L$2:$L$2281,">0",KPI_DATA!$C$2:$C$2281,"Yes"),0)),0)) -> 8000 | R7: =IF(COUNTA($F7:$P7)=0,"Target Needed",IF(COUNT($G7:$P7)>0,"Year Targets Ready","Default Only")) -> Year Targets Ready | S7: Default applies to every year unless a year column is filled. Target is the expected minimum monthly value.
A8: 2.1 | B8: Lagging Indicators | C8: Incidents / Accidents (Per Occurrence) | D8: No. | E8: Lower is better | F8: 0 | G8: 0 | H8: 0 | Q8: =IF($E8="Lower is better",0,IFERROR(MAX(1,ROUNDUP(AVERAGEIFS(KPI_DATA!$L$2:$L$2281,KPI_DATA!$J$2:$J$2281,$C8,KPI_DATA!$L$2:$L$2281,">0",KPI_DATA!$C$2:$C$2281,"Yes"),0)),0)) -> 0 | R8: =IF(COUNTA($F8:$P8)=0,"Target Needed",IF(COUNT($G8:$P8)>0,"Year Targets Ready","Default Only")) -> Year Targets Ready | S8: Default applies to every year unless a year column is filled. Target is the maximum acceptable monthly value.
A9: 2.2 | B9: Lagging Indicators | C9: Number of Near-Misses | D9: No. | E9: Higher is better | F9: 0 | G9: 0 | H9: 0 | Q9: =IF($E9="Lower is better",0,IFERROR(MAX(1,ROUNDUP(AVERAGEIFS(KPI_DATA!$L$2:$L$2281,KPI_DATA!$J$2:$J$2281,$C9,KPI_DATA!$L$2:$L$2281,">0",KPI_DATA!$C$2:$C$2281,"Yes"),0)),0)) -> 0 | R9: =IF(COUNTA($F9:$P9)=0,"Target Needed",IF(COUNT($G9:$P9)>0,"Year Targets Ready","Default Only")) -> Year Targets Ready | S9: Default applies to every year unless a year column is filled. Target is the expected minimum monthly value.
A10: 2.3 | B10: Lagging Indicators | C10: High Potential Incidents | D10: No. | E10: Lower is better | F10: 0 | G10: 0 | H10: 0 | Q10: =IF($E10="Lower is better",0,IFERROR(MAX(1,ROUNDUP(AVERAGEIFS(KPI_DATA!$L$2:$L$2281,KPI_DATA!$J$2:$J$2281,$C10,KPI_DATA!$L$2:$L$2281,">0",KPI_DATA!$C$2:$C$2281,"Yes"),0)),0)) -> 0 | R10: =IF(COUNTA($F10:$P10)=0,"Target Needed",IF(COUNT($G10:$P10)>0,"Year Targets Ready","Default Only")) -> Year Targets Ready | S10: Default applies to every year unless a year column is filled. Target is the maximum acceptable monthly value.
A11: 2.4 | B11: Lagging Indicators | C11: Life Saving Rule (LSR) Violations | D11: No. | E11: Lower is better | F11: 0 | G11: 0 | H11: 0 | Q11: =IF($E11="Lower is better",0,IFERROR(MAX(1,ROUNDUP(AVERAGEIFS(KPI_DATA!$L$2:$L$2281,KPI_DATA!$J$2:$J$2281,$C11,KPI_DATA!$L$2:$L$2281,">0",KPI_DATA!$C$2:$C$2281,"Yes"),0)),0)) -> 0 | R11: =IF(COUNTA($F11:$P11)=0,"Target Needed",IF(COUNT($G11:$P11)>0,"Year Targets Ready","Default Only")) -> Year Targets Ready | S11: Default applies to every year unless a year column is filled. Target is the maximum acceptable monthly value.
A12: 2.5 | B12: Lagging Indicators | C12: Number of TRCs (LTI / RWC / MTC / FAT) | D12: No. | E12: Lower is better | F12: 0 | G12: 0 | H12: 0 | Q12: =IF($E12="Lower is better",0,IFERROR(MAX(1,ROUNDUP(AVERAGEIFS(KPI_DATA!$L$2:$L$2281,KPI_DATA!$J$2:$J$2281,$C12,KPI_DATA!$L$2:$L$2281,">0",KPI_DATA!$C$2:$C$2281,"Yes"),0)),0)) -> 0 | R12: =IF(COUNTA($F12:$P12)=0,"Target Needed",IF(COUNT($G12:$P12)>0,"Year Targets Ready","Default Only")) -> Year Targets Ready | S12: Default applies to every year unless a year column is filled. Target is the maximum acceptable monthly value.
A13: 2.6 | B13: Lagging Indicators | C13: Severe Motor Vehicle Incidents (MVI) | D13: No. | E13: Lower is better | F13: 0 | G13: 0 | H13: 0 | Q13: =IF($E13="Lower is better",0,IFERROR(MAX(1,ROUNDUP(AVERAGEIFS(KPI_DATA!$L$2:$L$2281,KPI_DATA!$J$2:$J$2281,$C13,KPI_DATA!$L$2:$L$2281,">0",KPI_DATA!$C$2:$C$2281,"Yes"),0)),0)) -> 0 | R13: =IF(COUNTA($F13:$P13)=0,"Target Needed",IF(COUNT($G13:$P13)>0,"Year Targets Ready","Default Only")) -> Year Targets Ready | S13: Default applies to every year unless a year column is filled. Target is the maximum acceptable monthly value.
A14: 3.1 | B14: Leading Indicators | C14: Site Observations / Unsafe Acts / Conditions | D14: No. | E14: Higher is better | F14: 35 | G14: 35 | H14: 35 | Q14: =IF($E14="Lower is better",0,IFERROR(MAX(1,ROUNDUP(AVERAGEIFS(KPI_DATA!$L$2:$L$2281,KPI_DATA!$J$2:$J$2281,$C14,KPI_DATA!$L$2:$L$2281,">0",KPI_DATA!$C$2:$C$2281,"Yes"),0)),0)) -> 45 | R14: =IF(COUNTA($F14:$P14)=0,"Target Needed",IF(COUNT($G14:$P14)>0,"Year Targets Ready","Default Only")) -> Year Targets Ready | S14: Default applies to every year unless a year column is filled. Target is the expected minimum monthly value.
A15: 3.2 | B15: Leading Indicators | C15: Site Inspections | D15: No. | E15: Higher is better | F15: 5 | G15: 5 | H15: 5 | Q15: =IF($E15="Lower is better",0,IFERROR(MAX(1,ROUNDUP(AVERAGEIFS(KPI_DATA!$L$2:$L$2281,KPI_DATA!$J$2:$J$2281,$C15,KPI_DATA!$L$2:$L$2281,">0",KPI_DATA!$C$2:$C$2281,"Yes"),0)),0)) -> 4 | R15: =IF(COUNTA($F15:$P15)=0,"Target Needed",IF(COUNT($G15:$P15)>0,"Year Targets Ready","Default Only")) -> Year Targets Ready | S15: Default applies to every year unless a year column is filled. Target is the expected minimum monthly value.
A16: 3.3 | B16: Leading Indicators | C16: Site HSE Meetings | D16: No. | E16: Higher is better | F16: 4 | G16: =4 -> 4 | H16: 4 | Q16: =IF($E16="Lower is better",0,IFERROR(MAX(1,ROUNDUP(AVERAGEIFS(KPI_DATA!$L$2:$L$2281,KPI_DATA!$J$2:$J$2281,$C16,KPI_DATA!$L$2:$L$2281,">0",KPI_DATA!$C$2:$C$2281,"Yes"),0)),0)) -> 4 | R16: =IF(COUNTA($F16:$P16)=0,"Target Needed",IF(COUNT($G16:$P16)>0,"Year Targets Ready","Default Only")) -> Year Targets Ready | S16: Default applies to every year unless a year column is filled. Target is the expected minimum monthly value.
A17: 3.4 | B17: Leading Indicators | C17: Site Toolbox Talks | D17: No. | E17: Higher is better | F17: 12 | G17: 12 | H17: 12 | Q17: =IF($E17="Lower is better",0,IFERROR(MAX(1,ROUNDUP(AVERAGEIFS(KPI_DATA!$L$2:$L$2281,KPI_DATA!$J$2:$J$2281,$C17,KPI_DATA!$L$2:$L$2281,">0",KPI_DATA!$C$2:$C$2281,"Yes"),0)),0)) -> 20 | R17: =IF(COUNTA($F17:$P17)=0,"Target Needed",IF(COUNT($G17:$P17)>0,"Year Targets Ready","Default Only")) -> Year Targets Ready | S17: Default applies to every year unless a year column is filled. Target is the expected minimum monthly value.
A18: 3.5 | B18: Leading Indicators | C18: Management Visits / Walk-around | D18: No. | E18: Higher is better | F18: 4 | G18: 4 | H18: 4 | Q18: =IF($E18="Lower is better",0,IFERROR(MAX(1,ROUNDUP(AVERAGEIFS(KPI_DATA!$L$2:$L$2281,KPI_DATA!$J$2:$J$2281,$C18,KPI_DATA!$L$2:$L$2281,">0",KPI_DATA!$C$2:$C$2281,"Yes"),0)),0)) -> 4 | R18: =IF(COUNTA($F18:$P18)=0,"Target Needed",IF(COUNT($G18:$P18)>0,"Year Targets Ready","Default Only")) -> Year Targets Ready | S18: Default applies to every year unless a year column is filled. Target is the expected minimum monthly value.
A19: 3.6 | B19: Leading Indicators | C19: HSE Training (No. and Participants) | D19: No. | E19: Higher is better | F19: 16 | G19: 16 | H19: 16 | Q19: =IF($E19="Lower is better",0,IFERROR(MAX(1,ROUNDUP(AVERAGEIFS(KPI_DATA!$L$2:$L$2281,KPI_DATA!$J$2:$J$2281,$C19,KPI_DATA!$L$2:$L$2281,">0",KPI_DATA!$C$2:$C$2281,"Yes"),0)),0)) -> 8 | R19: =IF(COUNTA($F19:$P19)=0,"Target Needed",IF(COUNT($G19:$P19)>0,"Year Targets Ready","Default Only")) -> Year Targets Ready | S19: Default applies to every year unless a year column is filled. Target is the expected minimum monthly value.
A20: 3.7 | B20: Leading Indicators | C20: Site HSE Reward / Recognition | D20: No. | E20: Higher is better | F20: 1 | G20: 1 | H20: 1 | Q20: =IF($E20="Lower is better",0,IFERROR(MAX(1,ROUNDUP(AVERAGEIFS(KPI_DATA!$L$2:$L$2281,KPI_DATA!$J$2:$J$2281,$C20,KPI_DATA!$L$2:$L$2281,">0",KPI_DATA!$C$2:$C$2281,"Yes"),0)),0)) -> 1 | R20: =IF(COUNTA($F20:$P20)=0,"Target Needed",IF(COUNT($G20:$P20)>0,"Year Targets Ready","Default Only")) -> Year Targets Ready | S20: Default applies to every year unless a year column is filled. Target is the expected minimum monthly value.
A21: 4.1 | B21: Others | C21: Community / Public Complaints Received | D21: No. | E21: Lower is better | F21: 0 | G21: 0 | H21: 0 | Q21: =IF($E21="Lower is better",0,IFERROR(MAX(1,ROUNDUP(AVERAGEIFS(KPI_DATA!$L$2:$L$2281,KPI_DATA!$J$2:$J$2281,$C21,KPI_DATA!$L$2:$L$2281,">0",KPI_DATA!$C$2:$C$2281,"Yes"),0)),0)) -> 0 | R21: =IF(COUNTA($F21:$P21)=0,"Target Needed",IF(COUNT($G21:$P21)>0,"Year Targets Ready","Default Only")) -> Year Targets Ready | S21: Default applies to every year unless a year column is filled. Target is the maximum acceptable monthly value.
A22: 4.2 | B22: Others | C22: Learning from Incidents (LFI) shared | D22: No. | E22: Higher is better | F22: 1 | G22: 1 | H22: 1 | Q22: =IF($E22="Lower is better",0,IFERROR(MAX(1,ROUNDUP(AVERAGEIFS(KPI_DATA!$L$2:$L$2281,KPI_DATA!$J$2:$J$2281,$C22,KPI_DATA!$L$2:$L$2281,">0",KPI_DATA!$C$2:$C$2281,"Yes"),0)),0)) -> 1 | R22: =IF(COUNTA($F22:$P22)=0,"Target Needed",IF(COUNT($G22:$P22)>0,"Year Targets Ready","Default Only")) -> Year Targets Ready | S22: Default applies to every year unless a year column is filled. Target is the expected minimum monthly value.
A23: 4.3 | B23: Others | C23: GCP / AIP and close open actions | D23: Quarterly | E23: Higher is better | F23: 1 | G23: 1 | H23: 1 | Q23: =IF($E23="Lower is better",0,IFERROR(MAX(1,ROUNDUP(AVERAGEIFS(KPI_DATA!$L$2:$L$2281,KPI_DATA!$J$2:$J$2281,$C23,KPI_DATA!$L$2:$L$2281,">0",KPI_DATA!$C$2:$C$2281,"Yes"),0)),0)) -> 1 | R23: =IF(COUNTA($F23:$P23)=0,"Target Needed",IF(COUNT($G23:$P23)>0,"Year Targets Ready","Default Only")) -> Year Targets Ready | S23: Default applies to every year unless a year column is filled. Target is the expected minimum monthly value.

Sheet KPI_DATA
A1: Year | B1: Slot | C1: Active Year | D1: Included Year | E1: Month No. | F1: Month | G1: Source Row | H1: No. | I1: Category | J1: Parameter | K1: Unit | L1: Monthly Actual | M1: Monthly Target | N1: Direction | O1: Achievement % | P1: Status | Q1: Favorable Variance | R1: Computed YTD | S1: Project to Date | T1: Prior Month Actual | U1: MoM Change | V1: Rate per 1M Hours | W1: Target Available | X1: Data Quality Flag | Y1: Main Year Scope | Z1: Main Period | AA1: Main Selected
A2: =INDEX(SETTINGS!$A$15:$A$24,$B2) -> 2025 | B2: 1 | C2: =IF(AND(A2>=SETTINGS!$B$4,A2<=SETTINGS!$B$5),"Yes","No") -> Yes | D2: =IFERROR(INDEX(SETTINGS!$C$15:$C$24,MATCH(A2,SETTINGS!$A$15:$A$24,0)),"No") -> Yes | E2: 1 | F2: January | G2: 9 | H2: 1 | I2: Exposure | J2: Exposure Hours / Vehicles | K2: No. | L2: =IF(C2<>"Yes",0,IF(A2=2025,N('2025'!D9),IF(A2=2026,N('2026'!D9),IF(A2=2027,N('2027'!D9),IF(A2=2028,N('2028'!D9),IF(A2=2029,N('2029'!D9),IF(A2=2030,N('2030'!D9),IF(A2=2031,N('2031'!D9),IF(A2=2032,N('2032'!D9),IF(A2=2033,N('2033'!D9),IF(A2=2034,N('2034'!D9),IFERROR(N(INDIRECT("'"&A2&"'!D"&G2)),0)))))))))))) -> 0 | M2: =IFERROR(IF(NOT(ISBLANK(KPI_TARGETS!$G$5)),KPI_TARGETS!$G$5,IF(NOT(ISBLANK(KPI_TARGETS!$F$5)),KPI_TARGETS!$F$5,"")),"") -> 104 | N2: =IFERROR(KPI_TARGETS!$E$5,"Higher is better") -> Higher is better | O2: =IF(M2="","",IF(N2="Higher is better",IFERROR(L2/M2,""),IF(L2=0,1,IFERROR(M2/L2,"")))) -> 0 | P2: =IF(M2="","Target Needed",IF(N2="Higher is better",IF(L2>=M2,"Green",IF(L2>=0.8*M2,"Amber","Red")),IF(M2=0,IF(L2=0,"Green","Red"),IF(L2<=M2,"Green",IF(L2<=1.25*M2,"Amber","Red"))))) -> Red | Q2: =IF(M2="","",IF(N2="Higher is better",L2-M2,M2-L2)) -> -104 | R2: ="" | S2: ="" | T2: ="" | U2: ="" | V2: ="" | W2: =IF(LEN(M2&"")>0,1,0) -> 1 | X2: =IF(C2<>"Yes","Inactive",IF(M2="","Missing target","OK")) -> OK | Y2: =IF(MAIN!$H$3="Selected Year",IF(A2=MAIN!$B$3,"Yes","No"),IF(MAIN!$H$3="Included Years",IF(D2="Yes","Yes","No"),IF(C2="Yes","Yes","No"))) -> Yes | Z2: =IF(MAIN!$F$3="Project to Date",IF(AND(A2>=SETTINGS!$B$4,A2<MAIN!$B$3),"Yes",IF(AND(A2=MAIN!$B$3,E2<=MAIN!$L$3),"Yes","No")),IF(OR(MAIN!$F$3="Full Year",MAIN!$D$3="All"),"Yes",IF(MAIN!$F$3="Monthly",IF(E2=MAIN!$L$3,"Yes","No"),IF(E2<=MAIN!$L$3,"Yes","No")))) -> Yes | AA2: =IF(AND(Y2="Yes",Z2="Yes"),"Yes","No") -> Yes
A3: =INDEX(SETTINGS!$A$15:$A$24,$B3) -> 2025 | B3: 1 | C3: =IF(AND(A3>=SETTINGS!$B$4,A3<=SETTINGS!$B$5),"Yes","No") -> Yes | D3: =IFERROR(INDEX(SETTINGS!$C$15:$C$24,MATCH(A3,SETTINGS!$A$15:$A$24,0)),"No") -> Yes | E3: 1 | F3: January | G3: 10 | H3: 1.1 | I3: Exposure | J3: No. of Hours Worked [Exposure Hours] | K3: Hours | L3: =IF(C3<>"Yes",0,IF(A3=2025,N('2025'!D10),IF(A3=2026,N('2026'!D10),IF(A3=2027,N('2027'!D10),IF(A3=2028,N('2028'!D10),IF(A3=2029,N('2029'!D10),IF(A3=2030,N('2030'!D10),IF(A3=2031,N('2031'!D10),IF(A3=2032,N('2032'!D10),IF(A3=2033,N('2033'!D10),IF(A3=2034,N('2034'!D10),IFERROR(N(INDIRECT("'"&A3&"'!D"&G3)),0)))))))))))) -> 0 | M3: =IFERROR(IF(NOT(ISBLANK(KPI_TARGETS!$G$6)),KPI_TARGETS!$G$6,IF(NOT(ISBLANK(KPI_TARGETS!$F$6)),KPI_TARGETS!$F$6,"")),"") -> 4000 | N3: =IFERROR(KPI_TARGETS!$E$6,"Higher is better") -> Higher is better | O3: =IF(M3="","",IF(N3="Higher is better",IFERROR(L3/M3,""),IF(L3=0,1,IFERROR(M3/L3,"")))) -> 0 | P3: =IF(M3="","Target Needed",IF(N3="Higher is better",IF(L3>=M3,"Green",IF(L3>=0.8*M3,"Amber","Red")),IF(M3=0,IF(L3=0,"Green","Red"),IF(L3<=M3,"Green",IF(L3<=1.25*M3,"Amber","Red"))))) -> Red | Q3: =IF(M3="","",IF(N3="Higher is better",L3-M3,M3-L3)) -> -4000 | R3: ="" | S3: ="" | T3: ="" | U3: ="" | V3: ="" | W3: =IF(LEN(M3&"")>0,1,0) -> 1 | X3: =IF(C3<>"Yes","Inactive",IF(M3="","Missing target","OK")) -> OK | Y3: =IF(MAIN!$H$3="Selected Year",IF(A3=MAIN!$B$3,"Yes","No"),IF(MAIN!$H$3="Included Years",IF(D3="Yes","Yes","No"),IF(C3="Yes","Yes","No"))) -> Yes | Z3: =IF(MAIN!$F$3="Project to Date",IF(AND(A3>=SETTINGS!$B$4,A3<MAIN!$B$3),"Yes",IF(AND(A3=MAIN!$B$3,E3<=MAIN!$L$3),"Yes","No")),IF(OR(MAIN!$F$3="Full Year",MAIN!$D$3="All"),"Yes",IF(MAIN!$F$3="Monthly",IF(E3=MAIN!$L$3,"Yes","No"),IF(E3<=MAIN!$L$3,"Yes","No")))) -> Yes | AA3: =IF(AND(Y3="Yes",Z3="Yes"),"Yes","No") -> Yes
A4: =INDEX(SETTINGS!$A$15:$A$24,$B4) -> 2025 | B4: 1 | C4: =IF(AND(A4>=SETTINGS!$B$4,A4<=SETTINGS!$B$5),"Yes","No") -> Yes | D4: =IFERROR(INDEX(SETTINGS!$C$15:$C$24,MATCH(A4,SETTINGS!$A$15:$A$24,0)),"No") -> Yes | E4: 1 | F4: January | G4: 11 | H4: 1.2 | I4: Exposure | J4: No. of Kilometres Driven | K4: Km | L4: =IF(C4<>"Yes",0,IF(A4=2025,N('2025'!D11),IF(A4=2026,N('2026'!D11),IF(A4=2027,N('2027'!D11),IF(A4=2028,N('2028'!D11),IF(A4=2029,N('2029'!D11),IF(A4=2030,N('2030'!D11),IF(A4=2031,N('2031'!D11),IF(A4=2032,N('2032'!D11),IF(A4=2033,N('2033'!D11),IF(A4=2034,N('2034'!D11),IFERROR(N(INDIRECT("'"&A4&"'!D"&G4)),0)))))))))))) -> 0 | M4: =IFERROR(IF(NOT(ISBLANK(KPI_TARGETS!$G$7)),KPI_TARGETS!$G$7,IF(NOT(ISBLANK(KPI_TARGETS!$F$7)),KPI_TARGETS!$F$7,"")),"") -> 8000 | N4: =IFERROR(KPI_TARGETS!$E$7,"Higher is better") -> Higher is better | O4: =IF(M4="","",IF(N4="Higher is better",IFERROR(L4/M4,""),IF(L4=0,1,IFERROR(M4/L4,"")))) -> 0 | P4: =IF(M4="","Target Needed",IF(N4="Higher is better",IF(L4>=M4,"Green",IF(L4>=0.8*M4,"Amber","Red")),IF(M4=0,IF(L4=0,"Green","Red"),IF(L4<=M4,"Green",IF(L4<=1.25*M4,"Amber","Red"))))) -> Red | Q4: =IF(M4="","",IF(N4="Higher is better",L4-M4,M4-L4)) -> -8000 | R4: ="" | S4: ="" | T4: ="" | U4: ="" | V4: ="" | W4: =IF(LEN(M4&"")>0,1,0) -> 1 | X4: =IF(C4<>"Yes","Inactive",IF(M4="","Missing target","OK")) -> OK | Y4: =IF(MAIN!$H$3="Selected Year",IF(A4=MAIN!$B$3,"Yes","No"),IF(MAIN!$H$3="Included Years",IF(D4="Yes","Yes","No"),IF(C4="Yes","Yes","No"))) -> Yes | Z4: =IF(MAIN!$F$3="Project to Date",IF(AND(A4>=SETTINGS!$B$4,A4<MAIN!$B$3),"Yes",IF(AND(A4=MAIN!$B$3,E4<=MAIN!$L$3),"Yes","No")),IF(OR(MAIN!$F$3="Full Year",MAIN!$D$3="All"),"Yes",IF(MAIN!$F$3="Monthly",IF(E4=MAIN!$L$3,"Yes","No"),IF(E4<=MAIN!$L$3,"Yes","No")))) -> Yes | AA4: =IF(AND(Y4="Yes",Z4="Yes"),"Yes","No") -> Yes
A5: =INDEX(SETTINGS!$A$15:$A$24,$B5) -> 2025 | B5: 1 | C5: =IF(AND(A5>=SETTINGS!$B$4,A5<=SETTINGS!$B$5),"Yes","No") -> Yes | D5: =IFERROR(INDEX(SETTINGS!$C$15:$C$24,MATCH(A5,SETTINGS!$A$15:$A$24,0)),"No") -> Yes | E5: 1 | F5: January | G5: 13 | H5: 2.1 | I5: Lagging Indicators | J5: Incidents / Accidents (Per Occurrence) | K5: No. | L5: =IF(C5<>"Yes",0,IF(A5=2025,N('2025'!D13),IF(A5=2026,N('2026'!D13),IF(A5=2027,N('2027'!D13),IF(A5=2028,N('2028'!D13),IF(A5=2029,N('2029'!D13),IF(A5=2030,N('2030'!D13),IF(A5=2031,N('2031'!D13),IF(A5=2032,N('2032'!D13),IF(A5=2033,N('2033'!D13),IF(A5=2034,N('2034'!D13),IFERROR(N(INDIRECT("'"&A5&"'!D"&G5)),0)))))))))))) -> 0 | M5: =IFERROR(IF(NOT(ISBLANK(KPI_TARGETS!$G$8)),KPI_TARGETS!$G$8,IF(NOT(ISBLANK(KPI_TARGETS!$F$8)),KPI_TARGETS!$F$8,"")),"") -> 0 | N5: =IFERROR(KPI_TARGETS!$E$8,"Higher is better") -> Lower is better | O5: =IF(M5="","",IF(N5="Higher is better",IFERROR(L5/M5,""),IF(L5=0,1,IFERROR(M5/L5,"")))) -> 1 | P5: =IF(M5="","Target Needed",IF(N5="Higher is better",IF(L5>=M5,"Green",IF(L5>=0.8*M5,"Amber","Red")),IF(M5=0,IF(L5=0,"Green","Red"),IF(L5<=M5,"Green",IF(L5<=1.25*M5,"Amber","Red"))))) -> Green | Q5: =IF(M5="","",IF(N5="Higher is better",L5-M5,M5-L5)) -> 0 | R5: ="" | S5: ="" | T5: ="" | U5: ="" | V5: ="" | W5: =IF(LEN(M5&"")>0,1,0) -> 1 | X5: =IF(C5<>"Yes","Inactive",IF(M5="","Missing target","OK")) -> OK | Y5: =IF(MAIN!$H$3="Selected Year",IF(A5=MAIN!$B$3,"Yes","No"),IF(MAIN!$H$3="Included Years",IF(D5="Yes","Yes","No"),IF(C5="Yes","Yes","No"))) -> Yes | Z5: =IF(MAIN!$F$3="Project to Date",IF(AND(A5>=SETTINGS!$B$4,A5<MAIN!$B$3),"Yes",IF(AND(A5=MAIN!$B$3,E5<=MAIN!$L$3),"Yes","No")),IF(OR(MAIN!$F$3="Full Year",MAIN!$D$3="All"),"Yes",IF(MAIN!$F$3="Monthly",IF(E5=MAIN!$L$3,"Yes","No"),IF(E5<=MAIN!$L$3,"Yes","No")))) -> Yes | AA5: =IF(AND(Y5="Yes",Z5="Yes"),"Yes","No") -> Yes
A6: =INDEX(SETTINGS!$A$15:$A$24,$B6) -> 2025 | B6: 1 | C6: =IF(AND(A6>=SETTINGS!$B$4,A6<=SETTINGS!$B$5),"Yes","No") -> Yes | D6: =IFERROR(INDEX(SETTINGS!$C$15:$C$24,MATCH(A6,SETTINGS!$A$15:$A$24,0)),"No") -> Yes | E6: 1 | F6: January | G6: 14 | H6: 2.2 | I6: Lagging Indicators | J6: Number of Near-Misses | K6: No. | L6: =IF(C6<>"Yes",0,IF(A6=2025,N('2025'!D14),IF(A6=2026,N('2026'!D14),IF(A6=2027,N('2027'!D14),IF(A6=2028,N('2028'!D14),IF(A6=2029,N('2029'!D14),IF(A6=2030,N('2030'!D14),IF(A6=2031,N('2031'!D14),IF(A6=2032,N('2032'!D14),IF(A6=2033,N('2033'!D14),IF(A6=2034,N('2034'!D14),IFERROR(N(INDIRECT("'"&A6&"'!D"&G6)),0)))))))))))) -> 0 | M6: =IFERROR(IF(NOT(ISBLANK(KPI_TARGETS!$G$9)),KPI_TARGETS!$G$9,IF(NOT(ISBLANK(KPI_TARGETS!$F$9)),KPI_TARGETS!$F$9,"")),"") -> 0 | N6: =IFERROR(KPI_TARGETS!$E$9,"Higher is better") -> Higher is better | O6: =IF(M6="","",IF(N6="Higher is better",IFERROR(L6/M6,""),IF(L6=0,1,IFERROR(M6/L6,"")))) | P6: =IF(M6="","Target Needed",IF(N6="Higher is better",IF(L6>=M6,"Green",IF(L6>=0.8*M6,"Amber","Red")),IF(M6=0,IF(L6=0,"Green","Red"),IF(L6<=M6,"Green",IF(L6<=1.25*M6,"Amber","Red"))))) -> Green | Q6: =IF(M6="","",IF(N6="Higher is better",L6-M6,M6-L6)) -> 0 | R6: ="" | S6: ="" | T6: ="" | U6: ="" | V6: ="" | W6: =IF(LEN(M6&"")>0,1,0) -> 1 | X6: =IF(C6<>"Yes","Inactive",IF(M6="","Missing target","OK")) -> OK | Y6: =IF(MAIN!$H$3="Selected Year",IF(A6=MAIN!$B$3,"Yes","No"),IF(MAIN!$H$3="Included Years",IF(D6="Yes","Yes","No"),IF(C6="Yes","Yes","No"))) -> Yes | Z6: =IF(MAIN!$F$3="Project to Date",IF(AND(A6>=SETTINGS!$B$4,A6<MAIN!$B$3),"Yes",IF(AND(A6=MAIN!$B$3,E6<=MAIN!$L$3),"Yes","No")),IF(OR(MAIN!$F$3="Full Year",MAIN!$D$3="All"),"Yes",IF(MAIN!$F$3="Monthly",IF(E6=MAIN!$L$3,"Yes","No"),IF(E6<=MAIN!$L$3,"Yes","No")))) -> Yes | AA6: =IF(AND(Y6="Yes",Z6="Yes"),"Yes","No") -> Yes
